date,symbol,score,qualified,category,summary,quality_tier,rs_tier,is_super_signal,super_reason,ann_id,link,materiality_pct,materiality_label,materiality_source,headline,sector,cap_category,pdf_used,guidance_direction,management_tone,red_flag_count,event_type,source
2026-09-24,MAXESTATES,95,True,Acquisition,"Max Estates signs MoU for a 9.76-acre JDA in Ghaziabad, unlocking 2,500-3,000 crore GDV.",STANDARD,HIGH,False,,NSE_MAXESTATES_23-Sep-2026_185925,https://nsearchives.nseindia.com/corporate/MEL_23092026185742_20260923PressRelease.pdf,25.73,TRANSFORMATIVE,PDF,"a press release dated September 23, 2026, titled ""Max Estates enters into a Binding Memorandum of Understanding for a proposed Joint Development Agreement for approx. 9.76-Acre Land Parcel in Ghaziabad, to unlock approx. INR 2,500-3,000 Crore GDV Opportunity"".",Realty,MICRO,True,,,,ACQUISITION,NSE
2026-09-15,SOLARINDS,93,True,Acquisition,Solar Industries is acquiring 100% of Omnia Holdings for US$ 1.355 billion in cash.,HC,MID,False,,BSE_4704b3b8-8598-4b57-90cc-a92591665021,9d718ab3-5437-4aeb-8bec-7582b8499a4c.pdf,21.26,TRANSFORMATIVE,PDF,"Regulations, 2015",Chemicals,LARGE,True,,,,ACQUISITION,BSE
2026-09-21,SKYWAYS,90,True,Results,"Skyways Air Services reports Q1 FY27 consolidated revenue of Rs 1,216.53 crore, up 92.8% YoY.",SB,UNKNOWN,True,Results Beat + Margin Expansion + Positive Guidance,NSE_SKYWAYS_18-Sep-2026_160541,https://nsearchives.nseindia.com/corporate/SKYWAYS_18092026160531_Press_release_revised.pdf,67.27,TRANSFORMATIVE,PDF,"a revised press release dated September 18, 2026, titled ""Revised Press Release on Financial Results of the Company for the Quarter ended June 30, 2026"".",Services,MICRO,True,,,,RESULTS,NSE
2026-09-18,SKYWAYS,90,True,Results,"Skyways Air Services Q1 FY27 consolidated revenue up 93% YoY to INR 1,216.53 crore.",STANDARD,UNKNOWN,True,Results Beat + Margin Expansion + Positive Guidance,NSE_SKYWAYS_18-Sep-2026_121858,https://nsearchives.nseindia.com/corporate/SKYWAYS_18092026121836_Press_release_financial_results.pdf,75.55,TRANSFORMATIVE,PDF,"a press release dated September 18, 2026, titled ""Press Release on Financial Results of the Company for the Quarter ended June 30, 2026"".",Services,MICRO,True,,,,RESULTS,NSE
2026-09-15,LALITHAA,85,True,Results,"Lalithaa Jewellery Mart reported Q1 FY2027 total income of ₹6,035 Cr, up 26% YoY.",STANDARD,UNKNOWN,False,,NSE_LALITHAA_14-Sep-2026_151801,https://nsearchives.nseindia.com/corporate/LALITHAAJEWELLERY1985_14092026151410_pressrelease.pdf,301.07,TRANSFORMATIVE,PDF,"a press release dated September 14, 2026, titled ""Press Release - Unaudited Financial Results for the Quarter ended June 30, 2026"".",Consumer Durables,MICRO,True,,,,RESULTS,NSE
2026-09-18,SKYWAYS,85,True,Results,"Q1 FY27 consolidated revenue INR 1215.5 crore, profit INR 26.8 crore with interim dividend.",STANDARD,UNKNOWN,False,,NSE_SKYWAYS_17-Sep-2026_204006,https://nsearchives.nseindia.com/corporate/SKYWAYS_17092026203613_Outcome_of_Board_Meeting.pdf,75.49,TRANSFORMATIVE,PDF,"the financial results for the period ended Jun 30, 2026.",Services,MICRO,True,,,,RESULTS,NSE
2026-09-18,GUJTHEM,85,True,Acquisition,GTBL completed acquisition of MicroBiopharm Japan for JPY 21.5 billion (approx Rs 1220 Cr).,STANDARD,MID,False,,NSE_GUJTHEM_18-Sep-2026_103844,https://nsearchives.nseindia.com/corporate/GUJARATTHEMIS_18092026103824_GTBLReg30intimation18092026.pdf,22.82,TRANSFORMATIVE,PDF,Acquisition,Healthcare,MICRO,True,,,,ACQUISITION,NSE
2026-09-18,DIACABS,85,True,Order Win,,SB,HIGH,False,,BSE_51781095-74e8-44a2-bd69-837e4c0bcbe1,e764466f-3555-48ea-9bb8-ea713fb08507.pdf,1.15,MODERATE,HEADLINE-ONLY,Receipt of order worth of Rs. 263.25 Crore,Capital Goods,MICRO,False,,,,ORDER,BSE
2026-09-21,SKYGOLD,80,True,Acquisition,Board approved acquisition; details in filing,HC,HIGH,False,,BSE_184c3510-3835-4a6b-b7d1-714abd79faa8,20d2409e-96f5-4eec-8e43-c7ea3582409b.pdf,-1.0,UNKNOWN,,"The Board of Directors of the Company at their meeting held today, i.e. Friday, 18th September, 2026 at the Registered office of the Company inter-alia has considered and approved the acquisition ....",Consumer Durables,MICRO,False,,,,BOARD,BSE
2026-09-18,SKYGOLD,80,True,Acquisition,Acquisition of Purvi Gems & Jewellery (India) Private Limited,HC,HIGH,False,,NSE_SKYGOLD_18-Sep-2026_090222,https://nsearchives.nseindia.com/corporate/SKYGOLD_18092026090126_OutcomeBMAcquisition.pdf,-1.0,UNKNOWN,,"The Board of Directors of the Company at their meeting held today, i.e. Friday, 18th September, 2026 at the Registered office of the Company inter-alia has considered and approved the acquisition of Purvi Gems & Jewellery (India) Private Limited (""Target Company"").",Consumer Durables,MICRO,False,,,,BOARD,NSE
2026-09-22,WELENT,80,True,Debt,Crisil upgrades credit ratings for Welspun Enterprises and its material subsidiaries.,SB,HIGH,False,,BSE_d22f8bf0-3e10-4253-bac2-eed571bb73c6,3250dfa8-9db6-4bad-8065-19cf875afe46.pdf,22.81,TRANSFORMATIVE,PDF,Credit Rating,Construction,MICRO,True,,,,RATING,BSE
2026-09-22,AUGMONT,80,True,Results,"Augmont Enterprises reported Q1 FY27 consolidated revenue of Rs. 18,945.59 crore.",STANDARD,UNKNOWN,False,,NSE_AUGMONT_21-Sep-2026_203123,https://nsearchives.nseindia.com/corporate/AEL2012_21092026202943_NSE.pdf,237.14,TRANSFORMATIVE,PDF,"the financial results for the period ended Jun 30, 2026.",Metals & Mining,MICRO,True,,,,RESULTS,NSE
2026-09-15,KEC,77,True,Order Win,,SB,LOW,False,,BSE_ef370c2b-316f-4b10-a492-2753a6d609b0,0db6bd02-c6f2-49a5-b7a5-214b50764904.pdf,24.51,TRANSFORMATIVE,HEADLINE-ONLY,"We are pleased to enclose a copy of the press release with respect to new orders of Rs. 1,303 Crores secured by the Company. All the orders mentioned in the enclosed press release have ....",Construction,SMALL,False,,,,ORDER,BSE
2026-04-22,AMBER,75,True,Acquisition,Amber Enterprises announces an acquisition.,STANDARD,HIGH,False,,NSE_AMBER_21-Apr-2026_192922,https://nsearchives.nseindia.com/corporate/AMBER_21042026192908_SEIntimationAllotmentofsharespursuanttorightissue21042026.pdf,-1.0,UNKNOWN,,,,,False,,,,,
2026-04-24,SAATVIKGL,75,True,Acquisition,Company announces acquisition for strategic growth.,SB,HIGH,False,,NSE_SAATVIKGL_23-Apr-2026_175401,https://nsearchives.nseindia.com/corporate/SAATVIK_23042026175353_Intimation_Under_Reg_30__2__melconsigned.pdf,-1.0,UNKNOWN,,,,,False,,,,,
2026-09-18,IOLCP,75,True,Concall,"IOL Chemicals plans INR 500 cr capex for Ibuprofen expansion, CDMO formulations, and specialty chemicals.",HC,HIGH,False,,BSE_014f66fc-a054-4d8d-9785-31ad7534f171,7912f1a3-c48a-4865-b87e-9fb39f63bbfc.pdf,-1.0,UNKNOWN,,Transcript of Business Update Call with Investors and Analysts,Healthcare,MICRO,True,maintained,confident,0.0,CONCALL,BSE
2026-05-01,DELTACORP,75,True,Acquisition,Delta Corp announces an acquisition.,STANDARD,HIGH,False,,NSE_DELTACORP_30-Apr-2026_113436,https://nsearchives.nseindia.com/corporate/DELTACORP_30042026113214_update.pdf,-1.0,UNKNOWN,,,,,False,,,,,
2026-09-22,LUMINO,75,True,Results,Lumino Industries reports Q1 FY27 revenue of Rs. 521 Cr with PAT of Rs. 40 Cr.,STANDARD,UNKNOWN,True,Results Beat + Margin Expansion + Positive Guidance,NSE_LUMINO_21-Sep-2026_203432,https://nsearchives.nseindia.com/corporate/LUMINO123_21092026203419_Reg30Intimation.pdf,60.09,TRANSFORMATIVE,PDF,"a press release dated September 21, 2026, titled ""Press Release on Financial Results for quarter ended June 30, 2026"".",Capital Goods,MICRO,True,,,,RESULTS,NSE
2026-04-24,LUXIND,75,True,Acquisition,Company announces acquisition for strategic growth.,STANDARD,HIGH,False,,NSE_LUXIND_23-Apr-2026_211818,https://nsearchives.nseindia.com/corporate/LUXIND_23042026211754_Outcome.pdf,-1.0,UNKNOWN,,,,,False,,,,,
2026-09-21,GUJTHEM,75,True,Acquisition,Gujarat Themis Biosyn completed acquisition of Japan's MicroBiopharm for JPY 21.5 billion (approx ₹1221 Cr).,STANDARD,LOW,False,,BSE_b8c883ee-54d6-4245-996a-bd0f6e65426e,c03f6539-ccdd-4639-83b7-1e42a6c9d873.pdf,21.95,TRANSFORMATIVE,PDF,Updates on Acquisition,Healthcare,MICRO,True,,,,ACQUISITION,BSE
2026-09-21,HTEL,71,True,Results,"Hy-Tech Engineers reported June 30, 2026 quarterly standalone revenue of Rs 53.61 crore.",STANDARD,UNKNOWN,False,,NSE_HTEL_18-Sep-2026_185846,https://nsearchives.nseindia.com/corporate/HYTECH_18092026185715_Outcome_results_Q1_FY26-27.pdf,7.36,SIGNIFICANT,PDF,"the financial results for the period ended Jun 30, 2026.",Capital Goods,MICRO,True,,,,RESULTS,NSE
2026-09-16,LALITHAA,70,True,Results,Lalithaa Jewellery Mart inaugurates 66th showroom in Mayiladuthurai and reports 26% YoY Q1 FY2027 revenue growth.,STANDARD,UNKNOWN,True,Results Beat + Margin Expansion + Positive Guidance,NSE_LALITHAA_15-Sep-2026_181057,https://nsearchives.nseindia.com/corporate/LALITHAAJEWELLERY1985_15092026180928_disclosure_under_regulation_30_of_LODR.pdf,-1.0,UNKNOWN,,"'Lalithaa Jewellery Mart Limited inaugurates 66th showroom in Mayiladuthurai, Tamilnadu and management commentary on unaudited Q1 FY2027 financial results.'.",Consumer Durables,MICRO,True,,,,RESULTS,NSE
2026-06-11,CPPLUS,70,True,Acquisition,Gemini unavailable — manual review required,HC,HIGH,False,,NSE_CPPLUS_10-Jun-2026_201127,https://nsearchives.nseindia.com/corporate/CPPLUS_10062026201108_stxintimationcorelink.pdf,-1.0,UNKNOWN,,,,,False,,,,,
2026-05-20,HSCL,70,True,Acquisition,Acquisition announced; details in filing,HC,HIGH,False,,NSE_HSCL_19-May-2026_154142,https://nsearchives.nseindia.com/corporate/HSCL_19052026154131_HSCLUpdateoninvestmentinSicona.pdf,-1.0,UNKNOWN,,,,,False,,,,,
2026-06-11,ASTRAMICRO,70,True,Acquisition,Gemini unavailable — manual review required,HC,HIGH,False,,NSE_ASTRAMICRO_10-Jun-2026_123106,https://nsearchives.nseindia.com/corporate/ASTRAMICRO_10062026123059_Letter.pdf,-1.0,UNKNOWN,,,,,False,,,,,
2026-08-10,MPSLTD,70,True,Acquisition,Amalgamation/Merger announced; target entity and deal terms in filing.,HC,HIGH,False,,NSE_MPSLTD_07-Aug-2026_214718,https://nsearchives.nseindia.com/corporate/MPSLIMITED_07082026214629_Stx_Intimation_MergerwithMPSNA_03082026.pdf,-1.0,UNKNOWN,,,,,False,,,,,
2026-06-19,HSCL,70,True,Acquisition,Acquisition announced; details in filing.,HC,HIGH,False,,NSE_HSCL_18-Jun-2026_190132,https://nsearchives.nseindia.com/corporate/HSCL_18062026190106_InvestinIBC_18062026.pdf,-1.0,UNKNOWN,,,,,False,,,,,
2026-08-03,MPSLTD,70,True,Acquisition,Amalgamation/Merger announced; details in filing.,HC,HIGH,False,,NSE_MPSLTD_01-Aug-2026_110540,https://nsearchives.nseindia.com/corporate/MPSLIMITED_01082026110440_StxIntimationMergerwithMPSNA01082026.pdf,-1.0,UNKNOWN,,,,,False,,,,,
2026-09-22,WHEELS,70,True,Promoter,Wheels India allots 12.32 lakh equity shares aggregating to Rs. 179.99 crores via preferential issue.,SB,HIGH,False,,NSE_WHEELS_21-Sep-2026_190854,https://nsearchives.nseindia.com/corporate/WHEELS_21092026190814_WILReg3021092026.pdf,3.39,MODERATE,PDF,"Outcome of Board Meeting held on September 21, 2026.",Automobile and Auto Components,MICRO,True,,,,BOARD,NSE
2026-05-01,KAJARIACER,70,True,Fundraise,,STANDARD,HIGH,False,,NSE_KAJARIACER_30-Apr-2026_150442,https://nsearchives.nseindia.com/corporate/KAJARIACER_30042026150421_Outcome.pdf,-1.0,UNKNOWN,,,,,False,,,,,
2026-09-23,SOLARINDS,69,True,Acquisition,"Solar Industries proposed acquisition of Omnia Holdings for ~$1.355B enterprise value (Rs 12,951 cr).",HC,MID,False,,BSE_732931d9-c8b3-4c92-a536-b718d25bc5bd,77863ace-2cee-47f8-b4aa-d9b257baa7a9.pdf,7.71,SIGNIFICANT,PDF,"Regulations, 2015-Credit Rating",Chemicals,LARGE,True,,,,RATING,BSE
2026-09-24,SOLARINDS,69,True,Acquisition,"Solar SA Investments to acquire South Africa-based Omnia Holdings for around $1.35 billion (₹11,475 Cr).",HC,MID,False,,NSE_SOLARINDS_23-Sep-2026_180534,https://nsearchives.nseindia.com/corporate/SOLARINDS_23092026180457_signedcpdisclosureletter22.pdf,6.83,SIGNIFICANT,PDF,Credit Rating,Chemicals,LARGE,True,,,,RATING,NSE
2026-09-23,GESHIP,68,True,Fundraise,,HC,MID,False,,BSE_010a7d9e-f987-473e-b6bd-6f220b87c360,2cb23c48-f017-4cea-9782-5e4af6a13e84.pdf,-1.0,UNKNOWN,,"We herewith enclose daily buyback report for September 22, 2026",Services,SMALL,False,,,,FUNDRAISE,BSE
2026-06-12,GARFIBRES,68,True,Fundraise,,HC,MID,False,,NSE_GARFIBRES_11-Jun-2026_124636,https://nsearchives.nseindia.com/corporate/GARFIBRES_11062026124510_Reg24PostBuybackPublicAnnouncement11062026.pdf,-1.0,UNKNOWN,,,,,False,,,,,
2026-05-19,LUXIND,65,True,Acquisition,Acquisition announced; details in filing.,STANDARD,HIGH,False,,NSE_LUXIND_18-May-2026_191311,https://nsearchives.nseindia.com/corporate/LUXIND_18052026191253_Reg30Acquisition.pdf,-1.0,UNKNOWN,,,,,False,,,,,
2026-05-21,PARKHOSPS,65,True,Acquisition,Acquisition announced; details in filing,SB,HIGH,False,,NSE_PARKHOSPS_20-May-2026_160757,https://nsearchives.nseindia.com/corporate/PARKMEDIWORLD2025_20052026160747_healplus200526.pdf,-1.0,UNKNOWN,,,,,False,,,,,
2026-04-17,SHADOWFAX,65,True,Acquisition,Company announces an acquisition.,STANDARD,HIGH,False,,NSE_SHADOWFAX_17-Apr-2026_135337,https://nsearchives.nseindia.com/corporate/9900590024_17042026135315_AcquisitionofCL.pdf,-1.0,UNKNOWN,,,,,False,,,,,
2026-05-25,PARKHOSPS,65,True,Acquisition,Acquisition announced; details in filing.,SB,HIGH,False,,NSE_PARKHOSPS_25-May-2026_092433,https://nsearchives.nseindia.com/corporate/PARKMEDIWORLD2025_25052026092421_V3250526.pdf,-1.0,UNKNOWN,,,,,False,,,,,
2026-05-20,LLOYDSENGG,65,True,Acquisition,Amalgamation/Merger announced; details in filing,STANDARD,HIGH,False,,NSE_LLOYDSENGG_19-May-2026_144912,https://nsearchives.nseindia.com/corporate/LSIL_19052026144737_IntimationNOCLEWLsigned.pdf,-1.0,UNKNOWN,,,,,False,,,,,
2026-06-24,RPTECH,65,True,Acquisition,Acquisition announced; details in filing.,SB,HIGH,False,,NSE_RPTECH_23-Jun-2026_190638,https://nsearchives.nseindia.com/corporate/RASHI2024_23062026190627_Outcome_of_Board_Meeting_June_23_2026.pdf,-1.0,UNKNOWN,,,,,False,,,,,
2026-05-13,PIRAMALFIN,65,True,Acquisition,Company announces amalgamation/merger; further details on specifics awaited.,STANDARD,MID,False,,NSE_PIRAMALFIN_12-May-2026_183446,https://nsearchives.nseindia.com/corporate/Piramalcapital_12052026183134_PFL_Scheme_of_Amalgamation_sd.pdf,-1.0,UNKNOWN,,,,,False,,,,,
2026-08-25,ORIENTHOT,65,True,Acquisition,Amalgamation/Merger announced; details in filing.,STANDARD,HIGH,False,,NSE_ORIENTHOT_24-Aug-2026_085756,https://nsearchives.nseindia.com/corporate/TAJORIENTAL_24082026085709_SEReg30.pdf,-1.0,UNKNOWN,,,,,False,,,,,
2026-09-23,PFOCUS,65,True,Acquisition,Multiples to invest USD 100M (approx Rs 850 Cr) in BHL and Brahma India.,SB,HIGH,False,,NSE_PFOCUS_23-Sep-2026_081006,https://nsearchives.nseindia.com/corporate/PFOCUS_23092026080956_Reg_30signed.pdf,3.17,MODERATE,PDF,Sale or disposal,Media Entertainment & Publication,SMALL,True,,,,DIVESTMENT,NSE
2026-04-24,HSCL,65,True,Acquisition,Company announces acquisition for strategic growth.,SB,MID,False,,NSE_HSCL_23-Apr-2026_164251,https://nsearchives.nseindia.com/corporate/HSCL_23042026164229_OutcomeofBM23042026.pdf,-1.0,UNKNOWN,,,,,False,,,,,
2026-05-07,DEEPAKFERT,65,True,Acquisition,Company announces an acquisition.,STANDARD,MID,False,,NSE_DEEPAKFERT_06-May-2026_230225,https://nsearchives.nseindia.com/corporate/DEEPAKFERT_06052026230038_Intimation.pdf,-1.0,UNKNOWN,,,,,False,,,,,
2026-04-28,KIRLPNU,65,True,Acquisition,Company announced an acquisition.,STANDARD,MID,False,,NSE_KIRLPNU_27-Apr-2026_181055,https://nsearchives.nseindia.com/corporate/revatideshpande_27042026181049_Post_execution_outcome.pdf,-1.0,UNKNOWN,,,,,False,,,,,
2026-06-24,GREAVESCOT,65,True,Acquisition,Acquisition announced; details in filing.,STANDARD,HIGH,False,,NSE_GREAVESCOT_23-Jun-2026_215206,https://nsearchives.nseindia.com/corporate/GREAVESCOT_23062026215129_GCL_Intimation_for_WOS_Incorporation_updatedsd.pdf,-1.0,UNKNOWN,,,,,False,,,,,
2026-09-21,APOLLOPIPE,65,True,Acquisition,Apollo Ceramics acquired 76% stake in Mazzini Tiles LLP for Rs 40.42 Cr.,STANDARD,MID,False,,BSE_fdc04d88-3f8e-444b-9fa7-d655e37373e1,0d3bc930-0bd3-4d98-b412-06b2c711cee5.pdf,1.69,MODERATE,PDF,Acquisition of controlling interest in Mazzini Tiles LLP by a Subsidiary of the Company.,Capital Goods,MICRO,True,,,,ACQUISITION,BSE
2026-06-24,HONASA,65,True,Acquisition,Acquisition announced; details in filing.,SB,HIGH,False,,NSE_HONASA_23-Jun-2026_181149,https://nsearchives.nseindia.com/corporate/HONASA16_23062026180950_STX_Acq_Inc.pdf,-1.0,UNKNOWN,,,,,False,,,,,
2026-08-05,M&MFIN,65,True,Acquisition,Merger/Amalgamation announced; details in filing,STANDARD,MID,False,,NSE_M&MFIN_05-Aug-2026_105312,https://nsearchives.nseindia.com/corporate/M_MFIN_05082026105251_SEIntimationMergersigned.pdf,-1.0,UNKNOWN,,,,,False,,,,,
2026-08-05,NYKAA,65,True,Acquisition,Acquisition announced; details in filing,STANDARD,MID,False,,NSE_NYKAA_04-Aug-2026_161613,https://nsearchives.nseindia.com/corporate/NYKAA_04082026161524_OutcomeofBMvF.pdf,-1.0,UNKNOWN,,,,,False,,,,,
2026-09-18,SKYGOLD,65,True,Acquisition,Sky Gold and Diamonds acquires Purvi Gems & Jewellery for up to Rs. 9 Crores.,HC,HIGH,False,,NSE_SKYGOLD_18-Sep-2026_090734,https://nsearchives.nseindia.com/corporate/SKYGOLD_18092026090718_OutcomeBMAcquisition.pdf,0.07,IMMATERIAL,PDF,The Board at its meeting held today i.e. on 18th September 2026 has considered and approved the acquisition of Purvi Gems & Jewellery (India) Private Limited.,Consumer Durables,MICRO,True,,,,ACQUISITION,NSE
2026-09-21,CGCL,65,True,Debt,Assigned credit rating to proposed subordinated non-convertible debentures of ₹300 Cr,HC,HIGH,False,,BSE_50c38ca1-b803-47ff-aa93-4d47e1e3104b,aa621775-0c7b-498f-ac71-39ee56bf305d.pdf,1.15,MODERATE,HEADLINE-ONLY,Assigned Credit Rating to Proposed Subordinated Non-Convertible Debentures of Rs. 300 Crore,Financial Services,SMALL,False,,,,RATING,BSE
2026-06-12,ADANIENT,65,True,Acquisition,Acquisition announced; details in filing.,STANDARD,HIGH,False,,NSE_ADANIENT_11-Jun-2026_213551,https://nsearchives.nseindia.com/corporate/nishant_joshi_adani_com_11062026213538_AELIntimationMadhuvantiBuild_Estate11062026.pdf,-1.0,UNKNOWN,,,,,False,,,,,
2026-05-13,LUMAXTECH,65,True,Acquisition,Company announces amalgamation/merger; awaiting specific terms and implications.,SB,MID,False,,NSE_LUMAXTECH_12-May-2026_200003,https://nsearchives.nseindia.com/corporate/LUMAXTECH_12052026195846_LATLIACIntimation12052026.pdf,-1.0,UNKNOWN,,,,,False,,,,,
2026-06-11,ADANIENT,65,True,Acquisition,Gemini unavailable — manual review required,STANDARD,HIGH,False,,NSE_ADANIENT_10-Jun-2026_195759,https://nsearchives.nseindia.com/corporate/ADANIENT_10062026195747_AEL_Intimationofacquisitioncompletion.pdf,-1.0,UNKNOWN,,,,,False,,,,,
2026-08-13,63MOONS,65,True,Acquisition,Acquisition announced; details in filing.,STANDARD,HIGH,False,,NSE_63MOONS_12-Aug-2026_183133,https://nsearchives.nseindia.com/corporate/63MOONS_12082026183010_Quantum12082026.pdf,-1.0,UNKNOWN,,,,,False,,,,,
2026-05-28,CPPLUS,65,True,Acquisition,Acquisition announced; details in filing.,SB,HIGH,False,,NSE_CPPLUS_27-May-2026_202204,https://nsearchives.nseindia.com/corporate/CPPLUS_27052026202155_signedbmoutcome.pdf,-1.0,UNKNOWN,,,,,False,,,,,
2026-04-24,FORCEMOT,65,True,Acquisition,Company announces acquisition for strategic growth.,STANDARD,MID,False,,NSE_FORCEMOT_23-Apr-2026_195800,https://nsearchives.nseindia.com/corporate/FORCEMOTORS_23042026195248_Intimation_under_Reg_30-Completion.pdf,-1.0,UNKNOWN,,,,,False,,,,,
2026-06-30,OPTIEMUS,65,True,Acquisition,Acquisition announced; details in filing,STANDARD,HIGH,False,,NSE_OPTIEMUS_30-Jun-2026_104529,https://nsearchives.nseindia.com/corporate/OPTIEMUS_30062026104452_OILSEIntimationForInvestmentInBIGTechAndLoanToGDN30062026.pdf,-1.0,UNKNOWN,,,,,False,,,,,
2026-05-01,WHEELS,65,True,Acquisition,Wheels India announces an acquisition.,SB,MID,False,,NSE_WHEELS_30-Apr-2026_210510,https://nsearchives.nseindia.com/corporate/WHEELS_30042026210501_Reg30_power_purchase_Evolve_v2.pdf,-1.0,UNKNOWN,,,,,False,,,,,
2026-09-21,SKYGOLD,65,True,Acquisition,Sky Gold & Diamonds acquires 100% of Purvi Gems & Jewellery for Rs. 9 crores.,HC,HIGH,False,,BSE_caf1f12e-9ab9-410b-b876-bb74cca449c5,b746389d-bf0f-4096-bd74-6543cb979eb6.pdf,0.07,IMMATERIAL,PDF,The Board at its meeting held today i.e. on 18th September 2026 has considered and approved the acquisition of Purvi Gems & Jewellery (India) Private Limited.,Consumer Durables,MICRO,True,,,,ACQUISITION,BSE
2026-06-09,OSWALPUMPS,65,True,Acquisition,Acquisition announced; details in filing.,SB,HIGH,False,,NSE_OSWALPUMPS_08-Jun-2026_183253,https://nsearchives.nseindia.com/corporate/OSWALPUMPS_08062026183217_SELetterWalsoAcqOPL08062026.pdf,-1.0,UNKNOWN,,,,,False,,,,,
2026-05-21,IDEA,65,True,Acquisition,Acquisition announced; details in filing,STANDARD,HIGH,False,,NSE_IDEA_20-May-2026_170559,https://nsearchives.nseindia.com/corporate/IDEA_20052026170301_SEIntimationCPPsigned.pdf,-1.0,UNKNOWN,,,,,False,,,,,
2026-06-11,SOMANYCERA,65,True,Acquisition,Gemini unavailable — manual review required,SB,HIGH,False,,NSE_SOMANYCERA_10-Jun-2026_194651,https://nsearchives.nseindia.com/corporate/SOMANYCERAMICS_10062026194633_Regulation30_Acquisitionofshares_Sudha_sd.pdf,-1.0,UNKNOWN,,,,,False,,,,,
2026-09-23,CGCL,65,True,Debt,Capri Global Capital assigned ACUITE AA+/Stable rating for proposed NCDs of Rs. 400 Crore.,HC,HIGH,False,,BSE_28580e71-0234-4bf2-9dc8-a68c60871112,17badd82-ed88-499c-a5e4-f9741e6e6f52.pdf,1.54,MODERATE,PDF,Intimation - Credit Rating assigned to proposed Non-Convertible Debentures & Subordinated Debt aggregating to Rs. 400 Crore.,Financial Services,SMALL,True,,,,RATING,BSE
2026-07-17,PWL,65,True,Acquisition,Acquisition announced; details in filing,STANDARD,HIGH,False,,NSE_PWL_16-Jul-2026_200341,https://nsearchives.nseindia.com/corporate/NEAPSPW_16072026200059_IntimationSarrthisigned.pdf,-1.0,UNKNOWN,,,,,False,,,,,
2026-08-17,GUFICBIO,65,True,Acquisition,Acquisition announced; details in filing.,SB,HIGH,False,,NSE_GUFICBIO_14-Aug-2026_195341,https://nsearchives.nseindia.com/corporate/GUFIC_14082026195323_finalinvestment.pdf,-1.0,UNKNOWN,,,,,False,,,,,
2026-05-20,MANKIND,65,True,Acquisition,Acquisition announced; details in filing,STANDARD,HIGH,False,,NSE_MANKIND_19-May-2026_191454,https://nsearchives.nseindia.com/corporate/MANKIND1_19052026191440_Outcome_final_sd.pdf,-1.0,UNKNOWN,,,,,False,,,,,
2026-09-23,PFOCUS,65,True,Acquisition,Multiples to invest USD 100M (approx Rs 850 Cr) in subsidiaries BHL and Brahma India.,SB,HIGH,False,,NSE_PFOCUS_23-Sep-2026_080653,https://nsearchives.nseindia.com/corporate/PFOCUS_23092026080511_Reg_30signed.pdf,3.17,MODERATE,PDF,"Outcome of Board Meeting held on September 23, 2026.",Media Entertainment & Publication,SMALL,True,,,,BOARD,NSE
2026-08-03,GREAVESCOT,65,True,Acquisition,Acquisition announced; details in filing.,STANDARD,HIGH,False,,NSE_GREAVESCOT_02-Aug-2026_133440,https://nsearchives.nseindia.com/corporate/GREAVESCOT_02082026133432_SE_Intimation_-_Rights_Issue_in_GEML_Post_Allotmentsd.pdf,-1.0,UNKNOWN,,,,,False,,,,,
2026-05-07,APCOTEXIND,65,True,Acquisition,Company announces an acquisition.,STANDARD,MID,False,,NSE_APCOTEXIND_06-May-2026_175647,https://nsearchives.nseindia.com/corporate/APCOTEXIND_06052026175636_Outcome_-_signed.pdf,-1.0,UNKNOWN,,,,,False,,,,,
2026-07-23,SAREGAMA,65,True,Acquisition,Acquisition announced; details in filing.,SB,HIGH,False,,NSE_SAREGAMA_22-Jul-2026_193433,https://nsearchives.nseindia.com/corporate/SAREGAMA_22072026192843_Intimation_SIGNED.pdf,-1.0,UNKNOWN,,,,,False,,,,,
2026-08-17,VINDHYATEL,65,True,Acquisition,Amalgamation/Merger announced; details in filing.,STANDARD,HIGH,False,,NSE_VINDHYATEL_14-Aug-2026_205424,https://nsearchives.nseindia.com/corporate/VINDHYATEL_14082026205402_SEsubmissionofNOCVTL.pdf,-1.0,UNKNOWN,,,,,False,,,,,
2026-05-01,BHARATFORG,65,True,Acquisition,Bharat Forge announces an acquisition.,STANDARD,MID,False,,NSE_BHARATFORG_30-Apr-2026_170549,https://nsearchives.nseindia.com/corporate/ANILSHINDE_30042026170538_SEIntimationAgreementswithFEPL.pdf,-1.0,UNKNOWN,,,,,False,,,,,
2026-09-21,HSCL,63,False,Acquisition,Scheme of arrangement for demerger of Dalmia Bharat Refractories into Himadri Speciality Chemical,HC,LOW,False,,NSE_HSCL_21-Sep-2026_100147,https://nsearchives.nseindia.com/corporate/HSCL_21092026100138_Boardoutcome21092026.pdf,-1.0,UNKNOWN,,"Outcome of Board Meeting held on September 21, 2026 approving Scheme of Arrangement between Dalmia Bharat Refractories Limited ( Demerged Company ) and Himadri Speciality Chemical Ltd ( Resulting Company ) and their respective shareholders and creditors under Section 230-232 and other applicable provisions of the Companies Act, 2013",Chemicals,SMALL,False,,,,BOARD,NSE
2026-09-21,BEML,63,False,Order Win,"BEML secures over 5,400 Crore order from NHSRCL for High Speed Rolling Stock.",STANDARD,MID,False,,BSE_c9a050f5-5aa5-451a-a820-053e33d5baaf,f82c507c-76bb-4f64-b0fa-01ac7a16a53c.pdf,30.37,TRANSFORMATIVE,PDF,Receipt of Order,Capital Goods,SMALL,True,,,,ORDER,BSE
2026-07-13,IKS,63,False,Acquisition,Acquisition announced; details in filing.,HC,MID,False,,NSE_IKS_10-Jul-2026_214520,https://nsearchives.nseindia.com/corporate/IKS2006_10072026214451_SE_Subordination_Agreement_Disclosure_10July2026.pdf,-1.0,UNKNOWN,,,,,False,,,,,
2026-08-19,BLS,63,False,Acquisition,Amalgamation/Merger announced; details in filing.,HC,LOW,False,,NSE_BLS_18-Aug-2026_184752,https://nsearchives.nseindia.com/corporate/BLS_18082026184734_Intimation_of_merger.pdf,-1.0,UNKNOWN,,,,,False,,,,,
2026-05-25,AUROPHARMA,63,False,Acquisition,Acquisition announced; details in filing.,HC,MID,False,,NSE_AUROPHARMA_22-May-2026_123330,https://nsearchives.nseindia.com/corporate/AUROPHARMA_22052026123246_LtrToSEsIncorporationNewSubFrance22052026.pdf,-1.0,UNKNOWN,,,,,False,,,,,
2026-07-15,IKS,63,False,Acquisition,Acquisition announced; details in filing,HC,MID,False,,NSE_IKS_14-Jul-2026_184444,https://nsearchives.nseindia.com/corporate/IKS2006_14072026184431_UpdateWWMGMSOLLC_Final.pdf,-1.0,UNKNOWN,,,,,False,,,,,
2026-07-05,EMCURE,63,False,Acquisition,Acquisition announced; details in filing.,HC,MID,False,,NSE_EMCURE_03-Jul-2026_101429,https://nsearchives.nseindia.com/corporate/EMCURE_03072026101035_EPLIntimationRegulation30AcquisitionMantraPRefFinal.pdf,-1.0,UNKNOWN,,,,,False,,,,,
2026-07-14,SOMANYCERA,63,False,Acquisition,Acquisition announced; details in filing.,HC,MID,False,,NSE_SOMANYCERA_13-Jul-2026_150332,https://nsearchives.nseindia.com/corporate/SOMANYCERAMICS_13072026150324_OutcomeofBM_13072026_sd.pdf,-1.0,UNKNOWN,,,,,False,,,,,
2026-07-05,LOTUSDEV,63,False,Acquisition,Acquisition announced; details in filing.,HC,MID,False,,NSE_LOTUSDEV_04-Jul-2026_152357,https://nsearchives.nseindia.com/corporate/SRILOTUS_04072026152336_RightIssueWOSCompletion.pdf,-1.0,UNKNOWN,,,,,False,,,,,
2026-07-05,PRESTIGE,63,False,Acquisition,Acquisition announced; details in filing.,HC,MID,False,,NSE_PRESTIGE_03-Jul-2026_195250,https://nsearchives.nseindia.com/corporate/PRESTIGE_03072026195219_Intimation_-_Acquisition.pdf,-1.0,UNKNOWN,,,,,False,,,,,
2026-09-17,APOLLOPIPE,62,False,Debt,CRISIL upgrades Apollo Pipes credit rating to Crisil AA-/Stable on Rs 280 crore bank facilities.,STANDARD,MID,False,,BSE_40302a7a-1109-414e-9a53-9fbbe9ad298e,3fe5f6a7-f140-418d-97ed-05a383a09690.pdf,12.47,MAJOR,PDF,Upgrade in Credit Rating of the Company.,Capital Goods,MICRO,True,,,,RATING,BSE
2026-08-31,MUTHOOTFIN,61,False,Acquisition,Muthoot Finance (MFIN) approves amalgamation of wholly-owned subsidiary Muthoot Money Limited (MML).,SB,LOW,False,,NSE_MUTHOOTFIN_31-Aug-2026_155632,https://nsearchives.nseindia.com/corporate/MUTHOOTFIN_31082026155537_OutcomeBM31826sd.pdf,8.34,SIGNIFICANT,PDF,Amalgamation/Merger,NBFC,LARGE,True,,,,,
2026-05-17,WELSPUNLIV,60,False,Fundraise,,STANDARD,MID,False,,NSE_WELSPUNLIV_15-May-2026_141426,https://nsearchives.nseindia.com/corporate/WELSPUNIND_15052026141412_OUTCOME_FINAL_WLL_15052026.pdf,-1.0,UNKNOWN,,,,,False,,,,,
2026-04-15,RUBICON,60,False,Acquisition,Rubicon announces an acquisition.,HC,HIGH,False,,NSE_RUBICON_15-Apr-2026_155129,https://nsearchives.nseindia.com/corporate/9823522970_15042026155013_RubiconResearchSEAcquisition15April2026.pdf,-1.0,UNKNOWN,,,,,False,,,,,
2026-05-29,ZYDUSLIFE,60,False,Fundraise,,SB,MID,False,,NSE_ZYDUSLIFE_28-May-2026_143021,https://nsearchives.nseindia.com/corporate/Cadilahc_28052026143005_SEcoverletterAddendumtoPA28052026.pdf,-1.0,UNKNOWN,,,,,False,,,,,
2026-09-17,RRKABEL,60,False,Debt,"India Ratings upgraded RR Kabel's long-term bank facilities to IND AA/Stable and assigned INR 3,000 crore.",HC,LOW,False,,BSE_29aa8d1c-adb3-40de-a49d-b591b43e340d,1f87cdab-7102-4195-bb33-5a6279007711.pdf,15.62,MAJOR,PDF,Credit Rating,Capital Goods,SMALL,True,,,,RATING,BSE
2026-09-17,JNPR,60,False,Debt,"ICRA upgrades Juniper Green Energy's credit rating to AA- (Stable)/A1+ on enhanced ₹4,886.68 crore facilities.",STANDARD,LOW,False,,NSE_JNPR_16-Sep-2026_212729,https://nsearchives.nseindia.com/corporate/JGEL2025_16092026212617_2026_09_16_Regulation_30_JGEL_Credit_Rating.pdf,31.91,TRANSFORMATIVE,PDF,Credit Rating,Power,MICRO,True,,,,RATING,NSE
2026-05-07,BAJAJ-AUTO,60,False,Fundraise,,SB,MID,False,,NSE_BAJAJ-AUTO_06-May-2026_191924,https://nsearchives.nseindia.com/corporate/lkwalimbe_bajajauto_co_in_06052026191911_Outcome_of_BM_Buyback.pdf,-1.0,UNKNOWN,,,,,False,,,,,
2026-06-25,KAJARIACER,60,False,Fundraise,,SB,MID,False,,NSE_KAJARIACER_25-Jun-2026_105336,https://nsearchives.nseindia.com/corporate/KAJARIACER_25062026104835_Letters_PA.pdf,-1.0,UNKNOWN,,,,,False,,,,,
2026-05-21,TEAMLEASE,60,False,Fundraise,,STANDARD,MID,False,,NSE_TEAMLEASE_20-May-2026_164753,https://nsearchives.nseindia.com/corporate/TEAMLEASE_20052026164734_TeamLeaseBuybackofSecurities.pdf,-1.0,UNKNOWN,,,,,False,,,,,
2026-09-17,RAIN,60,False,Debt,"India Ratings affirms Rain Industries' bank loan facilities of INR 1,700 crore at IND A/Stable.",STANDARD,MID,False,,NSE_RAIN_16-Sep-2026_182941,https://nsearchives.nseindia.com/corporate/RAIN_16092026182909_RIL-Credit_Rating_-_Stock_exchange.pdf,25.09,TRANSFORMATIVE,PDF,Credit Rating,Chemicals,MICRO,True,,,,RATING,NSE
2026-05-20,WELSPUNLIV,60,False,Fundraise,,STANDARD,MID,False,,NSE_WELSPUNLIV_19-May-2026_165351,https://nsearchives.nseindia.com/corporate/WELSPUNIND_19052026165332_WLL_BB_SE_BR_signed.pdf,-1.0,UNKNOWN,,,,,False,,,,,
2026-06-02,ZYDUSLIFE,60,False,Fundraise,,SB,MID,False,,NSE_ZYDUSLIFE_01-Jun-2026_171706,https://nsearchives.nseindia.com/corporate/Cadilahc_01062026171539_LetterofOffertoSE_Revised.pdf,-1.0,UNKNOWN,,,,,False,,,,,
2026-09-17,TEMPSENS,60,False,Results,Tempsens Instruments reports Q1 FY27 consolidated revenue of Rs 118.71 Cr and net profit of Rs 16.27 Cr.,STANDARD,UNKNOWN,False,,NSE_TEMPSENS_16-Sep-2026_192223,https://nsearchives.nseindia.com/corporate/TEMPSENS_16092026192138_Outcome_.pdf,2.65,MODERATE,PDF,"Board outcome dated 16th September, 2026",Capital Goods,MICRO,True,,,,BOARD,NSE
2026-09-23,AADHARHFC,60,False,Debt,ICRA upgrades Aadhar Housing Finance's credit rating to [ICRA]AA+ (Stable) across instruments.,SB,LOW,False,,BSE_e3376d80-a755-4606-9d1a-e2e4001a4dea,1b162ccf-d9af-4a26-8f3a-7a04b7b9fb0b.pdf,20.97,TRANSFORMATIVE,PDF,Intimation about change in credit rating of the Company,Financial Services,SMALL,True,,,,RATING,BSE
2026-05-20,WELSPUNLIV,60,False,Fundraise,,STANDARD,MID,False,,NSE_WELSPUNLIV_19-May-2026_174500,https://nsearchives.nseindia.com/corporate/WELSPUNIND_19052026174452_WLL_BB_SE_PA_SIGNED.pdf,-1.0,UNKNOWN,,,,,False,,,,,
2026-09-16,WELSPUNLIV,60,False,Debt,"India Ratings upgrades credit rating for subsidiary Welspun Global Brands Limited's bank loan facilities (INR 9,000 million).",STANDARD,HIGH,False,,NSE_WELSPUNLIV_16-Sep-2026_113323,https://nsearchives.nseindia.com/corporate/WELSPUNIND_16092026113129_WLL_WGBL_Credit_rating_revision_intimation_signed.pdf,4.77,MODERATE,PDF,Credit Rating- Revision,Textiles,SMALL,True,,,,RATING,NSE
2026-05-28,ZYDUSLIFE,60,False,Fundraise,,SB,MID,False,,NSE_ZYDUSLIFE_27-May-2026_181447,https://nsearchives.nseindia.com/corporate/Cadilahc_27052026181421_AddendumintimationtoSE_27052026.pdf,-1.0,UNKNOWN,,,,,False,,,,,
2026-09-17,TEMPSENS,60,False,Results,"Consolidated quarterly revenue of ₹118.71 Cr and net profit of ₹16.27 Cr for June 30, 2026.",STANDARD,UNKNOWN,False,,NSE_TEMPSENS_16-Sep-2026_192626,https://nsearchives.nseindia.com/corporate/TEMPSENS_16092026192542_Outcome__-_Copy.pdf,2.65,MODERATE,PDF,"Unaudited Financial Results Standalone and Consolidated for the Quarter ended 30th June, 2026",Capital Goods,MICRO,True,,,,RESULTS,NSE
2026-06-01,ZYDUSLIFE,60,False,Fundraise,,SB,MID,False,,NSE_ZYDUSLIFE_31-May-2026_202523,https://nsearchives.nseindia.com/corporate/Cadilahc_31052026202317_LetterofOffertoSE31052026.pdf,-1.0,UNKNOWN,,,,,False,,,,,
2026-07-01,KAJARIACER,60,False,Fundraise,,SB,MID,False,,NSE_KAJARIACER_01-Jul-2026_114826,https://nsearchives.nseindia.com/corporate/KAJARIACER_01072026113649_Letter_of__Offer.pdf,-1.0,UNKNOWN,,,,,False,,,,,
2026-09-25,CGCL,60,False,Fundraise,,HC,HIGH,False,,NSE_CGCL_24-Sep-2026_131501,https://nsearchives.nseindia.com/corporate/CGCL_24092026131452_Interest_Payment_Certificate.pdf,-1.0,UNKNOWN,N/A,'Certificate for Payment of Interest' for NCD Listed on BSE,Financial Services,SMALL,False,,,,FUNDRAISE,NSE
2026-07-21,KAJARIACER,60,False,Fundraise,,SB,MID,False,,NSE_KAJARIACER_20-Jul-2026_124138,https://nsearchives.nseindia.com/corporate/KAJARIACER_20072026123529_Post_BB_PA.pdf,-1.0,UNKNOWN,,,,,False,,,,,
2026-09-17,SHRIRAMFIN,58,False,Fundraise,,HC,LOW,False,,NSE_SHRIRAMFIN_16-Sep-2026_200348,https://nsearchives.nseindia.com/corporate/Mathew_16092026200330_BSENSE_IntimationofBFCMeetingSept162026.pdf,-1.0,UNKNOWN,,"a meeting of Banking & Finance Committee of the Company is scheduled to be held on or after Monday, September 21, 2026, inter-alia, to consider and if thought fit, approve the proposal to buyback of its debt securities.",Financial Services,LARGE,False,,,,FUNDRAISE,NSE
2026-09-16,SEDEMAC,58,False,Debt,ICRA upgraded SEDEMAC Mechatronics bank loan facilities rating to [ICRA]A (Positive) for Rs. 214.95 crore.,HC,MID,False,,BSE_5263bbd2-a9c4-4b1e-b485-a033aa32f2a6,e4e25afb-f21a-4afd-bb81-e971a3b82533.pdf,1.65,MODERATE,PDF,Intimation of Credit Rating of the Company,Automobile and Auto Components,MICRO,True,,,,RATING,BSE
2026-09-22,KMEW,56,False,Debt,CARE Ratings revised outlook on Knowledge Marine credit facilities to BBB+ Positive from Stable.,SB,MID,False,,BSE_e1609035-684b-4837-a7ce-988a59581706,6163ca8e-e34a-402a-a75f-1f469793460a.pdf,9.56,SIGNIFICANT,PDF,We hereby inform you that the CARE Ratings Limited has reviewed and revised its outlook of the credit rating on rating facilities assigned to Knowledge Marine & Engineering Works Limited ....,Services,MICRO,True,,,,RATING,BSE
2026-09-25,GENESYS,56,False,Order Win,,STANDARD,LOW,False,,NSE_GENESYS_24-Sep-2026_171215,https://nsearchives.nseindia.com/corporate/GENESYS_24092026171029_Ahemdabad_Reg_30_order_intimation.pdf,14.84,MAJOR,HEADLINE-ONLY,- Genesys International wins contract valued at INR 283 crore for Ahmedabad''s 3D Digital Twin and Spatial intelligence platform in normal course of business,Information Technology,MICRO,False,,,,ORDER,NSE
2026-09-18,CENTUM,56,False,Debt,CARE Ratings upgraded Centum Electronics' bank facilities to CARE BBB+ (Stable) / CARE A2.,SB,MID,False,,BSE_d8b552d2-c5a6-4ad6-bed2-b2474bc8a5b4,810b1a32-2bc7-4d11-955e-68a27f1ac6e3.pdf,6.96,SIGNIFICANT,PDF,Credit Rating,Capital Goods,MICRO,True,,,,RATING,BSE
2026-07-31,THERMAX,55,False,Acquisition,Demerger announced; details in filing.,SB,MID,False,,NSE_THERMAX_30-Jul-2026_162025,https://nsearchives.nseindia.com/corporate/THERMAXNSE_30072026162015_SEIntimationOutcomesigned.pdf,-1.0,UNKNOWN,,,,,False,,,,,
2026-08-27,OPTIEMUS,55,False,Acquisition,Acquisition announced; details in filing,STANDARD,MID,False,,NSE_OPTIEMUS_27-Aug-2026_155010,https://nsearchives.nseindia.com/corporate/OPTIEMUS_27082026154955_OILOutcomeOfBoardMeeting27082026.pdf,-1.0,UNKNOWN,,,,,False,,,,,
2026-07-27,APARINDS,55,False,Acquisition,Acquisition announced; details in filing.,SB,MID,False,,NSE_APARINDS_24-Jul-2026_124808,https://nsearchives.nseindia.com/corporate/APARINDS_24072026124751_OutcomeofBoardmeeting.pdf,-1.0,UNKNOWN,,,,,False,,,,,
2026-04-23,EIEL,55,False,Acquisition,Company announces acquisition. Target and financial terms are not disclosed.,STANDARD,HIGH,False,,NSE_EIEL_22-Apr-2026_155308,https://nsearchives.nseindia.com/corporate/ENVIRO_22042026155100_Intimation_Reg_30_PRA_Bihar_Bess.pdf,-1.0,UNKNOWN,,,,,False,,,,,
2026-08-06,AUROPHARMA,55,False,Acquisition,Merger announced; details in filing,SB,MID,False,,NSE_AUROPHARMA_05-Aug-2026_201218,https://nsearchives.nseindia.com/corporate/AUROPHARMA_05082026201159_LtrToSEsEugiaMerger05082026.pdf,-1.0,UNKNOWN,,,,,False,,,,,
2026-04-17,BHARATFORG,55,False,Acquisition,Company announces an acquisition.,STANDARD,MID,False,,NSE_BHARATFORG_17-Apr-2026_191044,https://nsearchives.nseindia.com/corporate/ANILSHINDE_17042026190624_SEIntimationInvestmentinRS.pdf,-1.0,UNKNOWN,,,,,False,,,,,
2026-06-23,ZOTA,55,False,Acquisition,Acquisition announced; details in filing,STANDARD,MID,False,,NSE_ZOTA_22-Jun-2026_173625,https://nsearchives.nseindia.com/corporate/ZOTA_22062026173551_AcquisitionGITCPL22062026.pdf,-1.0,UNKNOWN,,,,,False,,,,,
2026-05-01,SENCO,55,False,Acquisition,Senco Gold announces an acquisition.,SB,LOW,False,,NSE_SENCO_30-Apr-2026_134314,https://nsearchives.nseindia.com/corporate/Sencogold_30042026134240_SE_UpdatesonAcquisition.pdf,-1.0,UNKNOWN,,,,,False,,,,,
2026-08-13,ULTRACEMCO,55,False,Acquisition,Acquisition announced; details in filing.,SB,MID,False,,NSE_ULTRACEMCO_12-Aug-2026_170442,https://nsearchives.nseindia.com/corporate/ULTRACEMCO1_12082026170432_Solaris_Horizon_Energy_Private_Limited.pdf,-1.0,UNKNOWN,,,,,False,,,,,
2026-04-27,UTLSOLAR,55,False,Acquisition,"Company announces acquisition, no financial or strategic details available.",SB,HIGH,False,,NSE_UTLSOLAR_25-Apr-2026_173943,https://nsearchives.nseindia.com/corporate/UTLSOLAR2024_25042026173906_NSE_BSE_Intimation_Investment.pdf,-1.0,UNKNOWN,,,,,False,,,,,
2026-08-07,HEROMOTOCO,55,False,Acquisition,Acquisition announced; details in filing,SB,MID,False,,NSE_HEROMOTOCO_06-Aug-2026_224746,https://nsearchives.nseindia.com/corporate/HEROMOTO_06082026224734_OutcomeBM06082026Acquisition.pdf,-1.0,UNKNOWN,,,,,False,,,,,
2026-07-10,JUBLCPL,55,False,Acquisition,Demerger announced; details in filing.,STANDARD,MID,False,,NSE_JUBLCPL_09-Jul-2026_213141,https://nsearchives.nseindia.com/corporate/JACPL_09072026213049_IntimationPronouncementNCLTOrderSign.pdf,-1.0,UNKNOWN,,,,,False,,,,,
2026-06-09,PERSISTENT,55,False,Acquisition,Amalgamation/Merger announced; details in filing.,SB,MID,False,,NSE_PERSISTENT_08-Jun-2026_204505,https://nsearchives.nseindia.com/corporate/PERSISTENTUSER1_08062026204457_PSLIntimationofProposedMergerofMAIPLwithPSLsigned.pdf,-1.0,UNKNOWN,,,,,False,,,,,
2026-09-22,NEOGEN,55,False,Fundraise,,STANDARD,MID,False,,NSE_NEOGEN_21-Sep-2026_160131,https://nsearchives.nseindia.com/corporate/NEOGEN_21092026160124_PRfinal.pdf,-1.0,UNKNOWN,,"a press release dated September 21, 2026, titled ""Neogen Chemicals raises approx INR 600 Crore via its first ever QIP Issue Oversubscribed by 6.5x"".",Chemicals,MICRO,False,,,,FUNDRAISE,NSE
2026-06-10,OBEROIRLTY,55,False,Acquisition,Acquisition announced; details in filing.,SB,MID,False,,NSE_OBEROIRLTY_09-Jun-2026_225039,https://nsearchives.nseindia.com/corporate/OBEROIRLTY_09062026225005_Centerstage_capitalisation_09062026.pdf,-1.0,UNKNOWN,,,,,False,,,,,
2026-08-05,BSE,55,False,Acquisition,Acquisition announced; details in filing,SB,LOW,False,,NSE_BSE_04-Aug-2026_192009,https://nsearchives.nseindia.com/corporate/BSE1_04082026191857_NSEIntimation.pdf,-1.0,UNKNOWN,,,,,False,,,,,
2026-05-07,JIOFIN,55,False,Acquisition,Company announces an acquisition.,STANDARD,LOW,False,,NSE_JIOFIN_06-May-2026_190448,https://nsearchives.nseindia.com/corporate/JIOFINANCIAL_06052026190412_JFSL.pdf,-1.0,UNKNOWN,,,,,False,,,,,
2026-07-21,LUPIN,55,False,Acquisition,Acquisition announced; details in filing,SB,MID,False,,NSE_LUPIN_21-Jul-2026_072300,https://nsearchives.nseindia.com/corporate/Lupin2_21072026072213_Lupin-SE_Intimation_Lupin-Kaveri-21072026.pdf,-1.0,UNKNOWN,,,,,False,,,,,
2026-08-21,ELGIEQUIP,55,False,Acquisition,Acquisition announced; details in filing,SB,MID,False,,NSE_ELGIEQUIP_20-Aug-2026_185808,https://nsearchives.nseindia.com/corporate/ELGIEQUIP_20082026185749_Intimation_on_investment_in_SPV.pdf,-1.0,UNKNOWN,,,,,False,,,,,
2026-06-30,ASTERDM,55,False,Acquisition,Acquisition announced; details in filing,STANDARD,MID,False,,NSE_ASTERDM_29-Jun-2026_201351,https://nsearchives.nseindia.com/corporate/ASTERDM2_29062026201307_SE_AMPL_F-s.pdf,-1.0,UNKNOWN,,,,,False,,,,,
2026-08-11,THELEELA,55,False,Acquisition,Acquisition announced; details in filing.,STANDARD,MID,False,,NSE_THELEELA_10-Aug-2026_115651,https://nsearchives.nseindia.com/corporate/THELEELA_10082026115510_SE_Intimation-BREPL.pdf,-1.0,UNKNOWN,,,,,False,,,,,
2026-09-24,PITTIENG,55,False,Acquisition,Scheme of Amalgamation of Pitti Industries and Dakshin Foundry into Pitti Engineering becomes effective.,SB,LOW,False,,NSE_PITTIENG_23-Sep-2026_173422,https://nsearchives.nseindia.com/corporate/PITTIENG_23092026173410_Effectivenessofscheme.pdf,-1.0,UNKNOWN,,Date of effectiveness of the Scheme,Capital Goods,MICRO,True,,,,MERGER,NSE
2026-07-01,AMBER,55,False,Acquisition,Acquisition announced; details in filing.,STANDARD,MID,False,,NSE_AMBER_30-Jun-2026_163037,https://nsearchives.nseindia.com/corporate/AMBER_30062026163025_StockExchangeIntimationofMoMagicILJIN30062026NSE.pdf,-1.0,UNKNOWN,,,,,False,,,,,
2026-09-24,WAAREEENER,55,False,Acquisition,Waaree Energies to amalgamate Indosolar Limited via a share exchange ratio of 1:11.,SB,LOW,False,,NSE_WAAREEENER_23-Sep-2026_201035,https://nsearchives.nseindia.com/corporate/WAAREE_23092026200949_OutcomeofWEL_signed1.pdf,-1.0,UNKNOWN,,"Outcome of Board Meeting held on Wednesday, September 23, 2026.",Capital Goods,MID,True,,,,BOARD,NSE
2026-08-24,GABRIEL,55,False,Acquisition,Acquisition announced; details in filing.,STANDARD,MID,False,,NSE_GABRIEL_21-Aug-2026_151541,https://nsearchives.nseindia.com/corporate/GABRIEL_21082026151524_SE_Disclosure_signed.pdf,-1.0,UNKNOWN,,,,,False,,,,,
2026-05-28,CARBORUNIV,55,False,Acquisition,Acquisition announced; details in filing.,STANDARD,MID,False,,NSE_CARBORUNIV_27-May-2026_184429,https://nsearchives.nseindia.com/corporate/CARBORUNIV_27052026183644_intimation_sd.pdf,-1.0,UNKNOWN,,,,,False,,,,,
2026-08-06,SJS,55,False,Acquisition,Acquisition announced; details in filing,SB,MID,False,,NSE_SJS_05-Aug-2026_175522,https://nsearchives.nseindia.com/corporate/SJS_05082026175511_SJSDBRenewsAcquisition.pdf,-1.0,UNKNOWN,,,,,False,,,,,
2026-05-21,HINDALCO,55,False,Acquisition,Acquisition announced; details in filing,STANDARD,MID,False,,NSE_HINDALCO_20-May-2026_220048,https://nsearchives.nseindia.com/corporate/HINDALCOIND_20052026220040_Reg30_update_signed.pdf,-1.0,UNKNOWN,,,,,False,,,,,
2026-04-22,INDHOTEL,55,False,Acquisition,Indian Hotels announces an acquisition.,SB,LOW,False,,NSE_INDHOTEL_21-Apr-2026_211447,https://nsearchives.nseindia.com/corporate/bakhtawar_irani_tajhotels_com_21042026211420_Brij_Disclosure_Requirement.pdf,-1.0,UNKNOWN,,,,,False,,,,,
2026-05-20,GPIL,55,False,Acquisition,Acquisition announced; details in filing,STANDARD,MID,False,,NSE_GPIL_19-May-2026_192640,https://nsearchives.nseindia.com/corporate/GPIL_19052026192627_GPILNSEBSEOUTCOME19052026.pdf,-1.0,UNKNOWN,,,,,False,,,,,
2026-05-14,ADFFOODS,55,False,Acquisition,Company announces acquisition.,STANDARD,HIGH,False,,NSE_ADFFOODS_13-May-2026_215616,https://nsearchives.nseindia.com/corporate/ADFFOODS1_13052026215543_ADF_Additonal_Investment_13052026.pdf,-1.0,UNKNOWN,,,,,False,,,,,
2026-05-07,KPITTECH,55,False,Acquisition,Company announces an acquisition.,STANDARD,LOW,False,,NSE_KPITTECH_06-May-2026_133456,https://nsearchives.nseindia.com/corporate/MeghanaPhadnis_06052026133027_BM_Outcome_Signed.pdf,-1.0,UNKNOWN,,,,,False,,,,,
2026-08-06,CRISIL,55,False,Acquisition,Merger announced; details in filing,STANDARD,MID,False,,NSE_CRISIL_05-Aug-2026_162644,https://nsearchives.nseindia.com/corporate/CRISIL_05082026162628_SignedBSENSE.pdf,-1.0,UNKNOWN,,,,,False,,,,,
2026-04-28,ANANTRAJ,55,False,Acquisition,Company announced an acquisition.,SB,LOW,False,,NSE_ANANTRAJ_27-Apr-2026_185646,https://nsearchives.nseindia.com/corporate/ANANTRAJ_27042026185638_Incorporation_Acquisition_27042026.pdf,-1.0,UNKNOWN,,,,,False,,,,,
2026-04-28,NAUKRI,55,False,Acquisition,Company announced an acquisition.,STANDARD,LOW,False,,NSE_NAUKRI_27-Apr-2026_165022,https://nsearchives.nseindia.com/corporate/NAUKRI2_27042026164946_Stock_Exchange_Intimation-_IEIL_to_SIHL.pdf,-1.0,UNKNOWN,,,,,False,,,,,
2026-09-25,WAAREEENER,55,False,Acquisition,Waaree Energies board approved the amalgamation of Indosolar Limited via a 1:11 share exchange ratio.,SB,LOW,False,,NSE_WAAREEENER_24-Sep-2026_154913,https://nsearchives.nseindia.com/corporate/WAAREE_24092026154903_OutcomeofBoardMeeting_WEL_signed.pdf,-1.0,UNKNOWN,N/A,"Scheme of Amalgamation of Indosolar Limited with Waaree Energies Limited and their respective shareholders pursuant to Sections 230 to 232 of the Companies Act, 2013.",Capital Goods,MID,True,,,,BOARD,NSE
2026-05-05,KIRLPNU,55,False,Acquisition,Company announced an acquisition; details and value are not disclosed.,SB,HIGH,False,,NSE_KIRLPNU_04-May-2026_122629,https://nsearchives.nseindia.com/corporate/truneshgujar_04052026122612_KPCL_Disclosure.pdf,-1.0,UNKNOWN,,,,,False,,,,,
2026-05-01,360ONE,55,False,Acquisition,360 ONE announces an acquisition.,SB,LOW,False,,NSE_360ONE_30-Apr-2026_171941,https://nsearchives.nseindia.com/corporate/IIFLWAM_30042026171929_Intimation_signed.pdf,-1.0,UNKNOWN,,,,,False,,,,,
2026-05-17,CIEINDIA,55,False,Acquisition,Acquisition announced; details in filing.,SB,MID,False,,NSE_CIEINDIA_15-May-2026_191845,https://nsearchives.nseindia.com/corporate/Mahindracie_15052026191834_SE_Intimation.pdf,-1.0,UNKNOWN,,,,,False,,,,,
2026-05-27,AGARWALEYE,55,False,Acquisition,Acquisition announced; details in filing.,SB,MID,False,,NSE_AGARWALEYE_26-May-2026_200423,https://nsearchives.nseindia.com/corporate/DRAGARWALS_26052026200417_C12_Update_Orbit_ETH.pdf,-1.0,UNKNOWN,,,,,False,,,,,
2026-05-22,BIKAJI,55,False,Acquisition,Acquisition announced; details in filing.,STANDARD,MID,False,,NSE_BIKAJI_21-May-2026_204148,https://nsearchives.nseindia.com/corporate/BIKAJIFOODS_21052026204134_17.pdf,-1.0,UNKNOWN,,,,,False,,,,,
2026-06-15,SHAKTIPUMP,55,False,Acquisition,Acquisition announced; details in filing,SB,MID,False,,NSE_SHAKTIPUMP_12-Jun-2026_150106,https://nsearchives.nseindia.com/corporate/SHAKTIPUMP_12062026150056_IntimationunderReg30ShaktiEnergy.pdf,-1.0,UNKNOWN,,,,,False,,,,,
2026-05-13,TMCV,55,False,Acquisition,Company announces an acquisition; details currently unavailable.,STANDARD,LOW,False,,NSE_TMCV_12-May-2026_225108,https://nsearchives.nseindia.com/corporate/TMLCOMMERCIAL_12052026224817_NSEBSELETTERIncorporation.pdf,-1.0,UNKNOWN,,,,,False,,,,,
2026-05-26,IMFA,55,False,Acquisition,Acquisition announced; details in filing.,STANDARD,MID,False,,NSE_IMFA_25-May-2026_221612,https://nsearchives.nseindia.com/corporate/IMFA_25052026221556_IMFA_Power_purchase_agreement.pdf,-1.0,UNKNOWN,,,,,False,,,,,
2026-06-03,SPORTKING,55,False,Acquisition,Acquisition announced; details in filing.,STANDARD,UNKNOWN,False,,NSE_SPORTKING_03-Jun-2026_121308,https://nsearchives.nseindia.com/corporate/SPORTKING_03062026121203_Letter_to_Stock_exchange.pdf,-1.0,UNKNOWN,,,,,False,,,,,
2026-08-31,ASTERDM,55,False,Acquisition,Aster DM's step-down subsidiaries KEL and SHSPL approved amalgamation via share exchange.,STANDARD,LOW,False,,NSE_ASTERDM_29-Aug-2026_183917,https://nsearchives.nseindia.com/corporate/ASTERDM2_29082026183851_SE_Int_09082026.pdf,-1.0,UNKNOWN,,Amalgamation/Merger,Others,LARGE,True,,,,,
2026-05-01,TECHM,55,False,Acquisition,Tech Mahindra announces an acquisition.,SB,LOW,False,,NSE_TECHM_30-Apr-2026_205943,https://nsearchives.nseindia.com/corporate/Apekshakhemka_30042026205928_SE_Intimation-Northern_StarFinal_1_S.pdf,-1.0,UNKNOWN,,,,,False,,,,,
2026-04-28,JKCEMENT,55,False,Acquisition,Company announced an acquisition.,SB,LOW,False,,NSE_JKCEMENT_27-Apr-2026_184116,https://nsearchives.nseindia.com/corporate/JKCEMENT_27042026184038_SEIntimationforInvestmentinTruereGUJSPV.pdf,-1.0,UNKNOWN,,,,,False,,,,,
2026-07-07,SMARTWORKS,55,False,Acquisition,Acquisition announced; details in filing.,STANDARD,MID,False,,NSE_SMARTWORKS_07-Jul-2026_070342,https://nsearchives.nseindia.com/corporate/SMARTWORKS_07072026070103_Intimation_Acquisition_snd.pdf,-1.0,UNKNOWN,,,,,False,,,,,
2026-05-07,ENTERO,55,False,Acquisition,Company announces an amalgamation/merger.,STANDARD,LOW,False,,NSE_ENTERO_06-May-2026_193044,https://nsearchives.nseindia.com/corporate/ENTERO_06052026192810_SEletter.pdf,-1.0,UNKNOWN,,,,,False,,,,,
2026-09-24,QPOWER,55,False,Acquisition,Acquisition of up to 100% stake in Winwin Speciality Insulators for Rs 272.34 Crores.,STANDARD,MID,False,,NSE_QPOWER_23-Sep-2026_225812,https://nsearchives.nseindia.com/corporate/QPOWER1234_23092026225751_OutcomeofBM23092026Sign.pdf,2.29,MODERATE,PDF,"Outcome of Board Meeting held on September 23, 2026.",Capital Goods,MICRO,True,,,,BOARD,NSE
2026-08-18,LLOYDSENT,55,False,Acquisition,Acquisition announced; details in filing.,STANDARD,MID,False,,NSE_LLOYDSENT_17-Aug-2026_183731,https://nsearchives.nseindia.com/corporate/SGTL2008_17082026183719_IntimationUpdateonAcquisition17082026.pdf,-1.0,UNKNOWN,,,,,False,,,,,
2026-08-04,SBIFUNDS,55,False,Acquisition,Acquisition announced; details in filing.,STANDARD,UNKNOWN,False,,NSE_SBIFUNDS_03-Aug-2026_211532,https://nsearchives.nseindia.com/corporate/SBIMF2026_03082026211247_Outcome_signed.pdf,-1.0,UNKNOWN,,,,,False,,,,,
2026-06-03,MANKIND,55,False,Acquisition,Acquisition announced; details in filing.,STANDARD,MID,False,,NSE_MANKIND_02-Jun-2026_174514,https://nsearchives.nseindia.com/corporate/MANKIND1_02062026174457_IntimationAcquisitionUpakarma.pdf,-1.0,UNKNOWN,,,,,False,,,,,
2026-08-27,PFOCUS,55,False,Acquisition,Acquisition announced; details in filing,SB,MID,False,,NSE_PFOCUS_26-Aug-2026_194934,https://nsearchives.nseindia.com/corporate/PFOCUS_26082026194907_PFL_Regulation30_IncorporationofDNEGFZLLC.pdf,-1.0,UNKNOWN,,,,,False,,,,,
2026-08-05,POCL,55,False,Acquisition,Merger/Amalgamation announced; details in filing,SB,LOW,False,,NSE_POCL_04-Aug-2026_185925,https://nsearchives.nseindia.com/corporate/POCL_04082026185910_ApprovalofSchemeHEEPLSD.pdf,-1.0,UNKNOWN,,,,,False,,,,,
2026-08-07,BHARTIARTL,55,False,Acquisition,Acquisition announced; details in filing,SB,MID,False,,NSE_BHARTIARTL_06-Aug-2026_225629,https://nsearchives.nseindia.com/corporate/BHARTIARTL_06082026225434_STX_Disclosure_-_Nxtra_SPVs_Acquisition.pdf,-1.0,UNKNOWN,,,,,False,,,,,
2026-07-10,DIXON,55,False,Acquisition,Acquisition announced; details in filing.,STANDARD,MID,False,,NSE_DIXON_09-Jul-2026_205230,https://nsearchives.nseindia.com/corporate/DIXON_09072026205024_AnnouncemnetPN309072026Final.pdf,-1.0,UNKNOWN,,,,,False,,,,,
2026-08-05,GODREJPROP,55,False,Acquisition,Merger/Amalgamation announced; details in filing,STANDARD,LOW,False,,NSE_GODREJPROP_04-Aug-2026_114332,https://nsearchives.nseindia.com/corporate/GODREJPROP_04082026114320_SEIntimationMergerGHPPL04082026.pdf,-1.0,UNKNOWN,,,,,False,,,,,
2026-09-23,OPTIEMUS,55,False,Acquisition,Optiemus Infracom to acquire 51.1% stake in joint venture with Nothing Electronics.,STANDARD,MID,False,,BSE_c71b861c-e438-4820-b812-e864f0d49c2b,0c180eae-4214-48f7-9046-9e4a0f83bd43.pdf,-1.0,UNKNOWN,,Memorandum of Understanding /Agreements,Telecommunication,MICRO,True,,,,ACQUISITION,BSE
2026-06-01,GUFICBIO,55,False,Acquisition,Acquisition announced; details in filing.,STANDARD,MID,False,,NSE_GUFICBIO_29-May-2026_225254,https://nsearchives.nseindia.com/corporate/GUFIC_29052026225154_saraswatinvt.pdf,-1.0,UNKNOWN,,,,,False,,,,,
2026-05-22,ABDL,55,False,Acquisition,Acquisition announced; details in filing.,SB,MID,False,,NSE_ABDL_21-May-2026_190706,https://nsearchives.nseindia.com/corporate/ABDINDIA_21052026190640_WOS.pdf,-1.0,UNKNOWN,,,,,False,,,,,
2026-05-05,PARKHOSPS,55,False,Acquisition,Company announced an acquisition; details and value are not disclosed.,STANDARD,HIGH,False,,NSE_PARKHOSPS_04-May-2026_170751,https://nsearchives.nseindia.com/corporate/PARKMEDIWORLD2025_04052026170650_Intimation-_Incorporation_of_Subsidiary.pdf,-1.0,UNKNOWN,,,,,False,,,,,
2026-06-11,RANEHOLDIN,55,False,Acquisition,Gemini unavailable — manual review required,STANDARD,MID,False,,NSE_RANEHOLDIN_10-Jun-2026_155354,https://nsearchives.nseindia.com/corporate/RANEHOLDIN_10062026155035_RHL_RSSLHEXA_ACQUISITION_SD.pdf,-1.0,UNKNOWN,,,,,False,,,,,
2026-06-11,BIOCON,55,False,Acquisition,Gemini unavailable — manual review required,STANDARD,MID,False,,NSE_BIOCON_10-Jun-2026_195024,https://nsearchives.nseindia.com/corporate/BIOCON_10062026194907_Acquisition_AMPIN.pdf,-1.0,UNKNOWN,,,,,False,,,,,
2026-08-05,VENTIVE,55,False,Acquisition,Merger/Amalgamation announced; details in filing,SB,LOW,False,,NSE_VENTIVE_04-Aug-2026_211111,https://nsearchives.nseindia.com/corporate/VENTIVE_04082026211039_Reg_30_Merger.pdf,-1.0,UNKNOWN,,,,,False,,,,,
2026-05-05,PREMIERENE,55,False,Acquisition,Company announced an acquisition; details and value are not disclosed.,SB,HIGH,False,,NSE_PREMIERENE_04-May-2026_182625,https://nsearchives.nseindia.com/corporate/PEL2024_04052026182536_Acqusition_PEGEPL_signed.pdf,-1.0,UNKNOWN,,,,,False,,,,,
2026-07-10,MMFL,55,False,Acquisition,Merger announced; details in filing.,STANDARD,MID,False,,NSE_MMFL_09-Jul-2026_233355,https://nsearchives.nseindia.com/corporate/MMFL_09072026233344_DVS_FinalOrder.pdf,-1.0,UNKNOWN,,,,,False,,,,,
2026-04-29,ADVAIT,55,False,Acquisition,Company announced an acquisition.,SB,HIGH,False,,NSE_ADVAIT_28-Apr-2026_175545,https://nsearchives.nseindia.com/corporate/ADVAITENERGY_28042026175526_SEintimation_s.pdf,-1.0,UNKNOWN,,,,,False,,,,,
2026-07-03,BLSE,55,False,Acquisition,Acquisition announced; details in filing.,SB,MID,False,,NSE_BLSE_02-Jul-2026_182515,https://nsearchives.nseindia.com/corporate/PROJECTSEWA_02072026182502_CompletionofAcquisition_Atyati_02072026_signed.pdf,-1.0,UNKNOWN,,,,,False,,,,,
2026-09-21,ACMESOLAR,55,False,Acquisition,"Amalgamation of wholly-owned subsidiaries ACME Pokhran, Sikar, and Eco Clean into ACME Solar Holdings.",STANDARD,MID,False,,BSE_442784d3-4858-4510-a68d-42a49c0a77ce,6a6258ae-16ec-41fc-9453-45882f7f9066.pdf,-1.0,UNKNOWN,,Intimation of Scheme of Amalgamation,Power,SMALL,True,,,,MERGER,BSE
2026-05-25,KOLTEPATIL,55,False,Acquisition,Amalgamation/Merger announced; details in filing.,STANDARD,MID,False,,NSE_KOLTEPATIL_22-May-2026_191720,https://nsearchives.nseindia.com/corporate/KOLTEPATIL_22052026191705_scheme_of_arrangement_upload.pdf,-1.0,UNKNOWN,,,,,False,,,,,
2026-07-27,WELCORP,55,False,Acquisition,Acquisition announced; details in filing.,STANDARD,MID,False,,NSE_WELCORP_24-Jul-2026_142546,https://nsearchives.nseindia.com/corporate/WELCORP_24072026142528_OutcomeSEfilingsigned.pdf,-1.0,UNKNOWN,,,,,False,,,,,
2026-06-01,AGARWALEYE,55,False,Acquisition,Amalgamation/Merger announced; details in filing.,SB,MID,False,,NSE_AGARWALEYE_01-Jun-2026_122738,https://nsearchives.nseindia.com/corporate/DRAGARWALS_01062026122730_AHCL_Unsecured_sd.pdf,-1.0,UNKNOWN,,,,,False,,,,,
2026-06-08,GPIL,55,False,Acquisition,Acquisition announced; details in filing,SB,MID,False,,NSE_GPIL_05-Jun-2026_122429,https://nsearchives.nseindia.com/corporate/GPIL_05062026122332_GPILNSEBSEGNEPLACQ100CR05062026.pdf,-1.0,UNKNOWN,,,,,False,,,,,
2026-06-25,BHARATFORG,55,False,Acquisition,Acquisition announced; details in filing.,STANDARD,MID,False,,NSE_BHARATFORG_24-Jun-2026_180250,https://nsearchives.nseindia.com/corporate/ANILSHINDE_24062026180135_SEIntimationInvestmentinRSAL.pdf,-1.0,UNKNOWN,,,,,False,,,,,
2026-04-28,KPIL,55,False,Acquisition,Company announced an acquisition.,STANDARD,LOW,False,,NSE_KPIL_27-Apr-2026_203902,https://nsearchives.nseindia.com/corporate/KALPATPOWR_27042026203845_SEIntimationKIOCL042026.pdf,-1.0,UNKNOWN,,,,,False,,,,,
2026-07-30,EFCIL,55,False,Acquisition,Demerger announced; specific details regarding restructured entities in filing.,SB,MID,False,,NSE_EFCIL_29-Jul-2026_192524,https://nsearchives.nseindia.com/corporate/EFCILTD_29072026192506_EFCIL_-_Intimation_About_Demerger.pdf,-1.0,UNKNOWN,,,,,False,,,,,
2026-08-05,BASF,55,False,Acquisition,Acquisition announced; details in filing,STANDARD,LOW,False,,NSE_BASF_04-Aug-2026_140447,https://nsearchives.nseindia.com/corporate/BASFIL_04082026140432_CleanMaxGalapagosPrivateLimited.pdf,-1.0,UNKNOWN,,,,,False,,,,,
2026-05-08,CLEANMAX,55,False,Acquisition,Acquisition announced. No financial details provided.,STANDARD,HIGH,False,,NSE_CLEANMAX_07-May-2026_224924,https://nsearchives.nseindia.com/corporate/CLEANMAX_07052026224913_FinalAcq.pdf,-1.0,UNKNOWN,,,,,False,,,,,
2026-05-11,BHARATFORG,55,False,Acquisition,"Company announces an acquisition, anticipated to be strategically beneficial.",STANDARD,MID,False,,NSE_BHARATFORG_08-May-2026_173056,https://nsearchives.nseindia.com/corporate/ANILSHINDE_08052026173025_SEIntimationInvestmentinFEPL.pdf,-1.0,UNKNOWN,,,,,False,,,,,
2026-05-29,GREAVESCOT,55,False,Acquisition,Acquisition announced; details in filing.,STANDARD,MID,False,,NSE_GREAVESCOT_28-May-2026_132744,https://nsearchives.nseindia.com/corporate/GREAVESCOT_28052026132638_SE_Intimation_-_Investment_in_GFL_May2026sd.pdf,-1.0,UNKNOWN,,,,,False,,,,,
2026-05-17,TATASTEEL,55,False,Acquisition,Acquisition announced; details in filing.,STANDARD,MID,False,,NSE_TATASTEEL_15-May-2026_181113,https://nsearchives.nseindia.com/corporate/NIDHIFADNAVIS_15052026181026_BSENSESIGNED.pdf,-1.0,UNKNOWN,,,,,False,,,,,
2026-08-03,TSFINV,55,False,Acquisition,Acquisition announced; details in filing.,STANDARD,MID,False,,NSE_TSFINV_31-Jul-2026_172518,https://nsearchives.nseindia.com/corporate/SUNDARMHLD_31072026172504_sdsdTSFILINTIMATIONACQ31072026.pdf,-1.0,UNKNOWN,,,,,False,,,,,
2026-08-24,GRASIM,55,False,Acquisition,Acquisition announced; details in filing.,STANDARD,MID,False,,NSE_GRASIM_21-Aug-2026_191941,https://nsearchives.nseindia.com/corporate/GRASIM_21082026191923_SEIntimationAcquisition.pdf,-1.0,UNKNOWN,,,,,False,,,,,
2026-04-29,EIEL,55,False,Acquisition,Company announced an acquisition.,STANDARD,HIGH,False,,NSE_EIEL_28-Apr-2026_193620,https://nsearchives.nseindia.com/corporate/ENVIRO_28042026193438_Intimation_Reg_30_Suyog_Urja.pdf,-1.0,UNKNOWN,,,,,False,,,,,
2026-08-24,JSWINFRA,55,False,Acquisition,Acquisition announced; details in filing.,SB,MID,False,,NSE_JSWINFRA_22-Aug-2026_204121,https://nsearchives.nseindia.com/corporate/JSWINFRA_22082026204040_SE_intimation-_update_on_acquistion.pdf,-1.0,UNKNOWN,,,,,False,,,,,
2026-06-12,MAITHANALL,55,False,Acquisition,Amalgamation/Merger announced; details in filing.,STANDARD,MID,False,,NSE_MAITHANALL_11-Jun-2026_161616,https://nsearchives.nseindia.com/corporate/MAITHANALL_11062026161503_NCLTMergerOrderImpex.pdf,-1.0,UNKNOWN,,,,,False,,,,,
2026-07-30,JKCEMENT,55,False,Acquisition,Acquisition announced; details in filing.,SB,MID,False,,NSE_JKCEMENT_29-Jul-2026_204124,https://nsearchives.nseindia.com/corporate/JKCEMENT_29072026204113_SEIntimationforInvestmentinMehrauniPvtLtd29072026.pdf,-1.0,UNKNOWN,,,,,False,,,,,
2026-04-24,IKS,55,False,Acquisition,Company announces acquisition for strategic growth.,SB,LOW,False,,NSE_IKS_23-Apr-2026_185826,https://nsearchives.nseindia.com/corporate/IKS2006_23042026185324_PjNewHorizonoutcomeforuploading.pdf,-1.0,UNKNOWN,,,,,False,,,,,
2026-09-21,AVANTEL,55,False,Acquisition,Avantel merges wholly owned subsidiary Imeds Global Private Limited to simplify group structure.,STANDARD,LOW,False,,NSE_AVANTEL_18-Sep-2026_153533,https://nsearchives.nseindia.com/corporate/AVANTEL_18092026153502_Restructuring18092026.pdf,-1.0,UNKNOWN,,Amalgamation/Merger,Capital Goods,MICRO,True,,,,MERGER,NSE
2026-04-20,CEINSYS,55,False,Acquisition,Company announces an acquisition.,SB,HIGH,False,,NSE_CEINSYS_18-Apr-2026_225750,https://nsearchives.nseindia.com/corporate/CEINSYSTECH_18042026225557_Stock_Exchange_Intimation_for_Infusion_of_fresh_equity_share_capital_.pdf,-1.0,UNKNOWN,,,,,False,,,,,
2026-05-07,EFCIL,55,False,Acquisition,Company announces an acquisition.,SB,LOW,False,,NSE_EFCIL_06-May-2026_223641,https://nsearchives.nseindia.com/corporate/EFCILTD_06052026223621_EFC-Wakadewadi_3-New_incorporation.pdf,-1.0,UNKNOWN,,,,,False,,,,,
2026-06-08,ADVENZYMES,55,False,Acquisition,Acquisition announced; details in filing,SB,MID,False,,NSE_ADVENZYMES_06-Jun-2026_204353,https://nsearchives.nseindia.com/corporate/AETL_06062026204331_Intimation06062026.pdf,-1.0,UNKNOWN,,,,,False,,,,,
2026-08-04,IKS,55,False,Acquisition,Acquisition announced; details in filing.,SB,MID,False,,NSE_IKS_03-Aug-2026_225805,https://nsearchives.nseindia.com/corporate/IKS2006_03082026225750_Pj_New_Horizon_-_SE_Disclosure_-_Syndication_Agreement.pdf,-1.0,UNKNOWN,,,,,False,,,,,
2026-08-27,SHRIPISTON,55,False,Acquisition,Acquisition announced; details in filing,SB,MID,False,,NSE_SHRIPISTON_26-Aug-2026_003239,https://nsearchives.nseindia.com/corporate/SHRIPISTON_26082026003202_SUNSUREINTIMATIONFINAL.pdf,-1.0,UNKNOWN,,,,,False,,,,,
2026-06-15,AXISCADES,55,False,Acquisition,Acquisition announced; details in filing,SB,MID,False,,NSE_AXISCADES_12-Jun-2026_150638,https://nsearchives.nseindia.com/corporate/AXISCADES_12062026150602_Reg30disclosure12062026.pdf,-1.0,UNKNOWN,,,,,False,,,,,
2026-08-31,LODHA,55,False,Acquisition,Lodha Developers acquired remaining 20% stake in Bellissimo Infratech Private Limited for ₹73.52 crore.,HC,HIGH,False,,NSE_LODHA_31-Aug-2026_220452,https://nsearchives.nseindia.com/corporate/LODHA_31082026220403_LDL_Acquisition_of_remaining_shares_in_Bellissimo_Infratech_Pvt_Ltd.pdf,0.06,IMMATERIAL,PDF,Acquisition,Infrastructure,LARGE,True,,,,,
2026-04-28,M&M,55,False,Acquisition,Company announced an acquisition.,SB,LOW,False,,NSE_M&M_27-Apr-2026_183123,https://nsearchives.nseindia.com/corporate/AmitDodani_27042026183112_SEIntimationCarnotTechnologies.pdf,-1.0,UNKNOWN,,,,,False,,,,,
2026-09-07,PHOENIXLTD,55,False,Acquisition,NCLT approved merger of 6 step-down subsidiaries into Astrea Real Estate Developers.,SB,MID,False,,NSE_PHOENIXLTD_05-Sep-2026_105643,https://nsearchives.nseindia.com/corporate/PHOENIXLTD_05092026105632_bg_-PML_new_MergerAstrea_sd.pdf,-1.0,UNKNOWN,,Amalgamation/Merger,Infrastructure,LARGE,True,,,,,
2026-09-25,DABUR,55,False,Acquisition,NCLT approved the Scheme of Amalgamation of Sesa Care Private Limited with Dabur India Limited.,SB,LOW,False,,NSE_DABUR_25-Sep-2026_113241,https://nsearchives.nseindia.com/corporate/DABURA_25092026113223_Letter.pdf,-1.0,UNKNOWN,N/A,"pronouncement of order by the Hon'ble National Company Law Tribunal, New Delhi Bench (""NCLT""), approving the Scheme of Amalgamation between Sesa Care Private Limited and Dabur India Limited under Section 230 to 232 of the Companies Act, 2013",Fast Moving Consumer Goods,MID,True,,,,MERGER,NSE
2026-06-10,JAYKAY,55,False,Acquisition,Acquisition announced; details in filing.,STANDARD,MID,False,,NSE_JAYKAY_09-Jun-2026_174611,https://nsearchives.nseindia.com/corporate/JAYKAY_09062026174553_SE_intimation_sd.pdf,-1.0,UNKNOWN,,,,,False,,,,,
2026-08-06,TVSHLTD,55,False,Acquisition,Merger announced; details in filing,SB,MID,False,,NSE_TVSHLTD_05-Aug-2026_152114,https://nsearchives.nseindia.com/corporate/SUNCLAYLTD_05082026150929_TVSH_HCIFTVSCSMergersd.pdf,-1.0,UNKNOWN,,,,,False,,,,,
2026-08-05,INDIAMART,55,False,Acquisition,Acquisition announced; details in filing,STANDARD,LOW,False,,NSE_INDIAMART_04-Aug-2026_151240,https://nsearchives.nseindia.com/corporate/INDIAMART_04082026151215_Intimationofincorporationapproval.pdf,-1.0,UNKNOWN,,,,,False,,,,,
2026-05-26,ENTERO,55,False,Acquisition,Acquisition announced; details in filing.,STANDARD,MID,False,,NSE_ENTERO_25-May-2026_213059,https://nsearchives.nseindia.com/corporate/ENTERO_25052026213053_BMoutcomesd.pdf,-1.0,UNKNOWN,,,,,False,,,,,
2026-08-26,HEROMOTOCO,55,False,Acquisition,Acquisition announced; details in filing,SB,MID,False,,NSE_HEROMOTOCO_25-Aug-2026_230002,https://nsearchives.nseindia.com/corporate/HEROMOTO_25082026225914_DisclosureunderRegulation30.pdf,-1.0,UNKNOWN,,,,,False,,,,,
2026-07-28,SOMANYCERA,55,False,Acquisition,Amalgamation/Merger announced; details in filing.,SB,MID,False,,NSE_SOMANYCERA_27-Jul-2026_195052,https://nsearchives.nseindia.com/corporate/SOMANYCERAMICS_27072026195037_Secondmotionpronouncementorder_Finalsd.pdf,-1.0,UNKNOWN,,,,,False,,,,,
2026-07-31,THERMAX,55,False,Acquisition,Amalgamation/Merger announced; details in filing.,SB,MID,False,,NSE_THERMAX_30-Jul-2026_161040,https://nsearchives.nseindia.com/corporate/THERMAXNSE_30072026161015_SEIntimationOutcomesigned.pdf,-1.0,UNKNOWN,,,,,False,,,,,
2026-08-27,ADANIENT,55,False,Acquisition,Acquisition announced; details in filing,STANDARD,MID,False,,NSE_ADANIENT_27-Aug-2026_173124,https://nsearchives.nseindia.com/corporate/nishant_joshi_adani_com_27082026173118_AELIntimationChandenvalleInfraPark27082026.pdf,-1.0,UNKNOWN,,,,,False,,,,,
2026-04-22,TATASTEEL,55,False,Acquisition,Tata Steel announces an acquisition.,STANDARD,LOW,False,,NSE_TATASTEEL_21-Apr-2026_195950,https://nsearchives.nseindia.com/corporate/NIDHIFADNAVIS_21042026195822_BSENSE.pdf,-1.0,UNKNOWN,,,,,False,,,,,
2026-06-04,FLUOROCHEM,55,False,Acquisition,Acquisition announced; details in filing,STANDARD,MID,False,,NSE_FLUOROCHEM_03-Jun-2026_181812,https://nsearchives.nseindia.com/corporate/FLUOROCHEM_03062026181800_GFCL_Intimation_Reg_30_Incorporation_of_SAOC_3June2026.pdf,-1.0,UNKNOWN,,,,,False,,,,,
2026-05-07,DABUR,55,False,Acquisition,Company announces an acquisition.,SB,LOW,False,,NSE_DABUR_06-May-2026_173211,https://nsearchives.nseindia.com/corporate/DABURU_06052026173132_Intimation.pdf,-1.0,UNKNOWN,,,,,False,,,,,
2026-06-12,JKPAPER,55,False,Acquisition,Acquisition announced; details in filing.,STANDARD,MID,False,,NSE_JKPAPER_11-Jun-2026_211212,https://nsearchives.nseindia.com/corporate/JKPAPER_11062026211101_Acquisition_update_BPPL.pdf,-1.0,UNKNOWN,,,,,False,,,,,
2026-05-01,ANANTRAJ,55,False,Acquisition,Anant Raj announces an acquisition.,SB,LOW,False,,NSE_ANANTRAJ_30-Apr-2026_163355,https://nsearchives.nseindia.com/corporate/ANANTRAJ_30042026163333_Intimation_final_update_romano_30042026.pdf,-1.0,UNKNOWN,,,,,False,,,,,
2026-06-22,AMBER,55,False,Acquisition,Acquisition announced; details in filing,STANDARD,MID,False,,NSE_AMBER_19-Jun-2026_175454,https://nsearchives.nseindia.com/corporate/AMBER_19062026175342_SE_Intimation_Acquisition_Manjunath_Punyamurthy_19062026.pdf,-1.0,UNKNOWN,,,,,False,,,,,
2026-07-24,AUROPHARMA,55,False,Acquisition,Acquisition announced; details in filing,SB,MID,False,,NSE_AUROPHARMA_23-Jul-2026_213340,https://nsearchives.nseindia.com/corporate/AUROPHARMA_23072026213300_LtrSEsA1BiochenAcquisition23072026.pdf,-1.0,UNKNOWN,,,,,False,,,,,
2026-04-22,SHAKTIPUMP,55,False,Acquisition,Shakti Pumps announces an acquisition.,STANDARD,LOW,False,,NSE_SHAKTIPUMP_21-Apr-2026_170926,https://nsearchives.nseindia.com/corporate/SHAKTIPUMP_21042026170902_IntimationunderReg30ShaktiEV.pdf,-1.0,UNKNOWN,,,,,False,,,,,
2026-08-05,ADANIENT,55,False,Acquisition,Acquisition announced; details in filing,STANDARD,LOW,False,,NSE_ADANIENT_04-Aug-2026_230125,https://nsearchives.nseindia.com/corporate/nishant_joshi_adani_com_04082026230107_AELIntimationofacquisitioncompletion04082026signed.pdf,-1.0,UNKNOWN,,,,,False,,,,,
2026-06-18,ASTERDM,55,False,Acquisition,Acquisition announced; details in filing,STANDARD,MID,False,,NSE_ASTERDM_18-Jun-2026_122051,https://nsearchives.nseindia.com/corporate/ASTERDM2_18062026121918_STXSarjapurRightssigned.pdf,-1.0,UNKNOWN,,,,,False,,,,,
2026-04-17,AMBER,55,False,Acquisition,Company announces an amalgamation or merger.,STANDARD,MID,False,,NSE_AMBER_17-Apr-2026_200625,https://nsearchives.nseindia.com/corporate/AMBER_17042026200559_IntimationUpdateonhearingofFMA17April2026.pdf,-1.0,UNKNOWN,,,,,False,,,,,
2026-09-18,ARVIND,55,False,Acquisition,Arvind Limited completed the acquisition of a 26.60% equity stake in Torrent Urja 21 Private Limited.,SB,MID,False,,BSE_12575d2f-a0ac-4e43-bf77-3b02a8424907,c480ce13-0159-4e93-87be-49fd7aed4869.pdf,-1.0,UNKNOWN,,Update on acquisition of Equity Shares of Torrent Urja 21 Private Limited,Textiles,MICRO,True,,,,ACQUISITION,BSE
2026-09-11,PHOENIXLTD,55,False,Acquisition,Phoenix Mills subsidiary Astrea completes merger of 6 step-down subsidiaries.,SB,MID,False,,NSE_PHOENIXLTD_10-Sep-2026_164732,https://nsearchives.nseindia.com/corporate/PHOENIXLTD_10092026164716_PMLEffectivedateintimation_10092026_sd.pdf,-1.0,UNKNOWN,,Amalgamation/Merger,Infrastructure,LARGE,True,,,,,
2026-09-08,63MOONS,55,False,Acquisition,Acquisition announced; details in filing.,STANDARD,MID,False,,NSE_63MOONS_07-Sep-2026_162237,https://nsearchives.nseindia.com/corporate/63MOONS_07092026162210_AcquisitionFTSPL07092026.pdf,-1.0,UNKNOWN,,Acquisition,Others,SMALL,False,,,,,
2026-08-05,UNOMINDA,55,False,Acquisition,Merger/Amalgamation announced; details in filing,SB,LOW,False,,NSE_UNOMINDA_04-Aug-2026_144410,https://nsearchives.nseindia.com/corporate/MINDAIND1_04082026144401_Outcome_merger.pdf,-1.0,UNKNOWN,,,,,False,,,,,
2026-09-11,AXISCADES,55,False,Acquisition,AXISCADES acquires 90% stake in Cloud Wave (and subsidiaries) for INR 234 Cr for aerospace shift.,STANDARD,LOW,False,,NSE_AXISCADES_11-Sep-2026_112105,https://nsearchives.nseindia.com/corporate/AXISCADES_11092026112018_AcquisitionUpdate11092026.pdf,3.22,MODERATE,PDF,Acquisition,IT,SMALL,True,,,,,
2026-09-09,SIEMENS,55,False,Acquisition,NCLT greenlights Siemens India's amalgamation with wholly-owned Siemens Rail Automation subsidiary.,SB,MID,False,,NSE_SIEMENS_09-Sep-2026_101800,https://nsearchives.nseindia.com/corporate/SIEMENS_09092026101753_SE_Intimation_-_SRAPL_-_09092026.pdf,-1.0,UNKNOWN,,Amalgamation/Merger,Capital Goods,LARGE,True,,,,,
2026-05-25,LUXIND,55,False,Acquisition,Acquisition announced; details in filing.,STANDARD,MID,False,,NSE_LUXIND_22-May-2026_142824,https://nsearchives.nseindia.com/corporate/LUXIND_22052026142503_WOSIntimation.pdf,-1.0,UNKNOWN,,,,,False,,,,,
2026-05-28,PWL,55,False,Acquisition,Acquisition announced; details in filing.,STANDARD,MID,False,,NSE_PWL_27-May-2026_131132,https://nsearchives.nseindia.com/corporate/NEAPSPW_27052026131117_IntimationInvestmentinFinZfinance.pdf,-1.0,UNKNOWN,,,,,False,,,,,
2026-04-28,MHRIL,55,False,Acquisition,Company announced an acquisition.,STANDARD,LOW,False,,NSE_MHRIL_27-Apr-2026_145559,https://nsearchives.nseindia.com/corporate/MHRIL_27042026145515_SE_Intimation_Aditatva_Acquisition_Signed.pdf,-1.0,UNKNOWN,,,,,False,,,,,
2026-09-24,ARTEMISMED,54,False,Debt,CARE Ratings reaffirmed Artemis Medicare Services' bank facilities of Rs. 388.15 crore.,HC,MID,False,,NSE_ARTEMISMED_24-Sep-2026_130317,https://nsearchives.nseindia.com/corporate/ARTEMISMED_24092026130204_Credit_Rating_24_09_2026.pdf,7.24,SIGNIFICANT,PDF,Credit Rating,Healthcare,MICRO,True,,,,RATING,NSE
2026-04-15,JKCEMENT,53,False,Acquisition,JK Cement announces an acquisition.,HC,MID,False,,NSE_JKCEMENT_15-Apr-2026_170156,https://nsearchives.nseindia.com/corporate/JKCEMENT_15042026165744_SE_Intimation_for_Investment_in_Mehrauni_Electro_Power.pdf,-1.0,UNKNOWN,,,,,False,,,,,
2026-07-08,UNOMINDA,53,False,Acquisition,Acquisition announced; details in filing.,HC,LOW,False,,NSE_UNOMINDA_07-Jul-2026_175321,https://nsearchives.nseindia.com/corporate/MINDAIND1_07072026175259_intimation_Outcome.pdf,-1.0,UNKNOWN,,,,,False,,,,,
2026-09-21,WELENT,53,False,Order Win,Welspun Michigan Engineers secured sewer rehabilitation projects worth Rs 351.24 Crore from Ahmedabad Municipal Corporation.,SB,HIGH,False,,BSE_28abe153-1019-4b38-9631-23b9ce530a2e,9fb3dab1-3a38-4a20-845b-45514f633f92.pdf,3.08,MODERATE,PDF,"Welspun Enterprisers has informed the exchange about receiving of Letter of Award by Welspun Michigan Engineers Limited, Material Subsidiary of the Company",Construction,MICRO,True,,,,ORDER,BSE
2026-04-17,TVSMOTOR,53,False,Acquisition,Acquisition announced. No financial details provided.,HC,MID,False,,NSE_TVSMOTOR_16-Apr-2026_191553,https://nsearchives.nseindia.com/corporate/TVSMOTOR_16042026191154_NSEBSE_SEintimation_Acq_sd.pdf,-1.0,UNKNOWN,,,,,False,,,,,
2026-09-21,HSCL,53,False,Acquisition,Himadri Speciality Chemical to demerge Tyre Business of Dalmia Bharat Refractories.,HC,LOW,False,,NSE_HSCL_21-Sep-2026_100737,https://nsearchives.nseindia.com/corporate/HSCL_21092026100728_Boardoutcome21092026.pdf,-1.0,UNKNOWN,,"Scheme of Arrangement between Dalmia Bharat Refractories Limited ( Demerged Company ) and Himadri Speciality Chemical Ltd ( Resulting Company ) and their respective shareholders and creditors under Section 230-232 and other applicable provisions of the Companies Act, 2013",Chemicals,SMALL,True,,,,MERGER,NSE
2026-07-09,VENTIVE,53,False,Acquisition,Acquisition announced; details in filing.,HC,LOW,False,,NSE_VENTIVE_08-Jul-2026_194118,https://nsearchives.nseindia.com/corporate/VENTIVE_08072026194106_VHL_Acquistion_Kelzai.pdf,-1.0,UNKNOWN,,,,,False,,,,,
2026-08-21,BLS,53,False,Acquisition,Acquisition announced; details in filing,HC,LOW,False,,NSE_BLS_20-Aug-2026_175739,https://nsearchives.nseindia.com/corporate/BLS_20082026175655_Disclosure_under_Regulation_30_Acquisition_of_shares_Signed.pdf,-1.0,UNKNOWN,,,,,False,,,,,
2026-09-21,HSCL,53,False,Acquisition,Himadri Speciality Chemical to consider scheme of arrangement for demerger of DBRL's Tyre Business.,HC,LOW,False,,BSE_41da4f62-4d5a-4c07-a0a1-b88661b084ec,7027deb0-1a86-4547-a752-290ba65ea697.pdf,-1.0,UNKNOWN,,This is to inform you that a meeting of the Board of Directors of the Company is scheduled to be held on 21 September 2026 inter-alia to consider and approve the proposed Scheme of Arrangement ....,Chemicals,SMALL,True,,,,MERGER,BSE
2026-07-05,EPL,53,False,Acquisition,Acquisition announced; details in filing.,HC,LOW,False,,NSE_EPL_04-Jul-2026_084829,https://nsearchives.nseindia.com/corporate/Sonia_Gupte_04072026084813_SEintimationInvstmtThailandSd.pdf,-1.0,UNKNOWN,,,,,False,,,,,
2026-09-24,HSCL,53,False,Acquisition,"Trancemarine divests 34% stake in step-down subsidiary Sturdy Niketan, retaining 65% holding.",HC,LOW,False,,NSE_HSCL_24-Sep-2026_112857,https://nsearchives.nseindia.com/corporate/HSCL_24092026112651_IntimationDivestmentofstake.pdf,-1.0,UNKNOWN,,"Divestment of stake in a Step-down Subsidiary by Trancemarine and Confreight Logistics Private Limited, a Subsidiary of the Company",Chemicals,SMALL,True,,,,DIVESTMENT,NSE
2026-06-01,M&M,53,False,Acquisition,Acquisition announced; details in filing.,HC,LOW,False,,NSE_M&M_30-May-2026_123519,https://nsearchives.nseindia.com/corporate/AmitDodani_30052026123446_SEIntimationIncorporationJVCo.pdf,-1.0,UNKNOWN,,,,,False,,,,,
2026-07-15,HEROMOTOCO,53,False,Acquisition,Acquisition announced; details in filing,HC,LOW,False,,NSE_HEROMOTOCO_14-Jul-2026_200907,https://nsearchives.nseindia.com/corporate/HEROMOTO_14072026200843_StockExchangeDisclosure.pdf,-1.0,UNKNOWN,,,,,False,,,,,
2026-09-22,HSCL,53,False,Acquisition,Himadri Speciality Chemical to demerge Tyre Business of Dalmia Bharat Refractories.,HC,LOW,False,,BSE_bb2145f1-e0ee-4810-aec0-8d2f85c970a0,a4c2f93a-ebee-4f41-884d-91eff8b33c22.pdf,-1.0,UNVERIFIED,,Scheme of Arrangement between Dalmia Bharat Refractories Limited(Demerged Company) and Himadri Speciality Chemical Ltd (Resulting Company),Chemicals,SMALL,True,,,,MERGER,BSE
2026-09-22,THYROCARE,53,False,Acquisition,Thyrocare sells subsidiary Nueclear Healthcare to Trovera Healthcare for Rs 141.40 Cr.,HC,LOW,False,,NSE_THYROCARE_21-Sep-2026_150905,https://nsearchives.nseindia.com/corporate/THYROCARE_21092026150858_Outcome_Intimation-BM.pdf,1.6,MODERATE,PDF,"Thyrocare Technologies Limited has informed about the sale of the entire shareholding held by the Company in Nueclear Healthcare Limited (a material wholly owned subsidiary), subject to the approval of the shareholders of the Company.",Healthcare,MICRO,True,,,,DIVESTMENT,NSE
2026-07-05,GPIL,53,False,Acquisition,Acquisition announced; details in filing.,HC,LOW,False,,NSE_GPIL_04-Jul-2026_160451,https://nsearchives.nseindia.com/corporate/GPIL_04072026160425_GPILNSEBSEINVESTMENT04072026.pdf,-1.0,UNKNOWN,,,,,False,,,,,
2026-05-21,KEI,53,False,Acquisition,Acquisition announced; details in filing,HC,LOW,False,,NSE_KEI_20-May-2026_195034,https://nsearchives.nseindia.com/corporate/KEI_20052026195017_signedsolar.pdf,-1.0,UNKNOWN,,,,,False,,,,,
2026-07-17,ITCHOTELS,53,False,Acquisition,Acquisition announced; details in filing,HC,LOW,False,,NSE_ITCHOTELS_16-Jul-2026_140856,https://nsearchives.nseindia.com/corporate/ITCHOTELS12_16072026140823_acquisition.pdf,-1.0,UNKNOWN,,,,,False,,,,,
2026-09-22,THYROCARE,53,False,Acquisition,Thyrocare sells Nueclear Healthcare to Trovera Healthcare for Rs 141.40 Cr.,HC,LOW,False,,BSE_8d2e3155-78d0-40d1-bd6e-130175af5714,dce4283a-d5e1-4e6a-9dd3-5bb1f6d2be0a.pdf,1.6,MODERATE,PDF,Acquisition,Healthcare,MICRO,True,,,,ACQUISITION,BSE
2026-06-16,CRIZAC,53,False,Acquisition,Acquisition announced; details in filing,HC,LOW,False,,NSE_CRIZAC_15-Jun-2026_143343,https://nsearchives.nseindia.com/corporate/CRIZAC0301_15062026143331_Regulation_30_Edument.pdf,-1.0,UNKNOWN,,,,,False,,,,,
2026-06-17,M&M,53,False,Acquisition,Acquisition announced; details in filing,HC,LOW,False,,NSE_M&M_16-Jun-2026_150050,https://nsearchives.nseindia.com/corporate/AmitDodani_16062026150035_SEIntimationReg30AditatvaAcquisition.pdf,-1.0,UNKNOWN,,,,,False,,,,,
2026-06-11,ULTRACEMCO,53,False,Acquisition,Gemini unavailable — manual review required,HC,LOW,False,,NSE_ULTRACEMCO_10-Jun-2026_191806,https://nsearchives.nseindia.com/corporate/ULTRACEMCO1_10062026191736_Investment_in_FPEL_SERVICES_PRIVATE_LIMITED.pdf,-1.0,UNKNOWN,,,,,False,,,,,
2026-06-11,TIMETECHNO,53,False,Acquisition,Gemini unavailable — manual review required,HC,LOW,False,,NSE_TIMETECHNO_10-Jun-2026_194716,https://nsearchives.nseindia.com/corporate/TIMETECHNO_10062026194646_Intimation10022026.pdf,-1.0,UNKNOWN,,,,,False,,,,,
2026-09-17,DIACABS,53,False,Order Win,Diamond Power Infrastructure received a ₹263.25 crore order from a domestic EPC contractor for MSEDCL.,SB,HIGH,False,,NSE_DIACABS_17-Sep-2026_125858,https://nsearchives.nseindia.com/corporate/DIACABS_17092026125851_Regulation_30-Receipt_of_Letter_of_Award.pdf,1.15,MODERATE,PDF,Bagging/Receiving of orders/contracts,Capital Goods,MICRO,True,,,,ORDER,NSE
2026-09-22,HSCL,53,False,Acquisition,Demerger of Tyre Business of Dalmia Bharat Refractories into Himadri Speciality Chemical,HC,LOW,False,,BSE_17b4f8ce-003a-4eb5-942a-78081d937d53,03ae23f8-8a47-4453-a093-fa826631ae6d.pdf,-1.0,UNKNOWN,,"Pursuant to Regulation 30 read with Schedule III and other applicable provisions of the SEBI (Listing Obligations and Disclosure Requirements) Regulations, 2015 ('SEBI Listing Regulations'), ....",Chemicals,SMALL,True,,,,BOARD,BSE
2026-06-16,ANANTRAJ,53,False,Acquisition,Acquisition announced; details in filing,HC,LOW,False,,NSE_ANANTRAJ_15-Jun-2026_173603,https://nsearchives.nseindia.com/corporate/ANANTRAJ_15062026173552_Updates_Acquisition_15062026.pdf,-1.0,UNKNOWN,,,,,False,,,,,
2026-08-21,SHAKTIPUMP,53,False,Acquisition,Acquisition announced; details in filing,HC,LOW,False,,NSE_SHAKTIPUMP_20-Aug-2026_160259,https://nsearchives.nseindia.com/corporate/SHAKTIPUMP_20082026160248_IntimationunderReg30ShaktiEV.pdf,-1.0,UNKNOWN,,,,,False,,,,,
2026-06-04,VENTIVE,53,False,Acquisition,Acquisition announced; details in filing,HC,LOW,False,,NSE_VENTIVE_03-Jun-2026_180535,https://nsearchives.nseindia.com/corporate/VENTIVE_03062026180521_VHL_Acquistion_50_CR_OCD_SOHAM.pdf,-1.0,UNKNOWN,,,,,False,,,,,
2026-08-26,HSCL,53,False,Acquisition,Acquisition announced; details in filing,HC,LOW,False,,NSE_HSCL_25-Aug-2026_194222,https://nsearchives.nseindia.com/corporate/HSCL_25082026194208_HSCLUpdateoninvestmentinSicona25082026.pdf,-1.0,UNKNOWN,,,,,False,,,,,
2026-07-16,HEROMOTOCO,53,False,Acquisition,Acquisition announced; details in filing.,HC,LOW,False,,NSE_HEROMOTOCO_15-Jul-2026_210843,https://nsearchives.nseindia.com/corporate/HEROMOTO_15072026210828_Stockexchangeintimation.pdf,-1.0,UNKNOWN,,,,,False,,,,,
2026-09-17,SGMART,52,False,Debt,CRISIL upgrades SG Mart bank loan facilities (Rs 940 Cr) to CRISIL AA-/Stable/A1+,SB,LOW,False,,NSE_SGMART_17-Sep-2026_084419,https://nsearchives.nseindia.com/corporate/SGMART_17092026084253_SGML_Credit_Rating.pdf,10.93,MAJOR,PDF,Credit Rating- Revision,Metals & Mining,MICRO,True,,,,RATING,NSE
2026-09-23,SEAMECLTD,52,False,Debt,CRISIL revises Seamec's long term rating to Crisil A+/Stable and short term rating to Crisil A1 for Rs 863 Cr facilities.,SB,LOW,False,,BSE_dc34e2d4-e910-486c-ae84-8b3d270db409,a17e53c7-4264-4f5d-ae05-aa50c8c00cef.pdf,19.66,MAJOR,PDF,Credit Rating,Services,MICRO,True,,,,RATING,BSE
2026-09-18,SGMART,52,False,Debt,CRISIL upgrades SG Mart's total bank loan facilities of Rs. 940 Cr to Crisil AA-/Stable/A1+,SB,LOW,False,,BSE_e700719d-da96-445a-992b-6f83e0aeeaaa,f51bd9f3-a945-4a67-8cab-da58436ffae6.pdf,10.93,MAJOR,PDF,Credit Rating Report,Metals & Mining,MICRO,True,,,,RATING,BSE
2026-09-16,MOTILALOFS,52,False,Debt,India Ratings upgrades Motilal Oswal Financial Services' long-term rating to IND AA+/Stable.,SB,LOW,False,,BSE_383cda04-80a4-41a0-ab16-453f68e10753,14052e16-4d26-49ec-87b7-55938f61d41a.pdf,19.93,MAJOR,PDF,We wish to inform the Exchange that India Ratings & Research Private Limited ('India Ratings') has upgraded the long-term rating to 'IND AA+/Stable' from 'IND AA/Positive' for various instrument(s) ....,Financial Services,MID,True,,,,RATING,BSE
2026-09-25,WELCORP,51,False,Order Win,Welspun Corp subsidiary secures largest-ever HFIW pipes order valued at approx. USD 412.5 million.,STANDARD,HIGH,False,,NSE_WELCORP_25-Sep-2026_082851,https://nsearchives.nseindia.com/corporate/WELCORP_25092026082837_SEDisclosureUSOrdersigned.pdf,5.7,SIGNIFICANT,PDF,Bagging/Receiving of orders/contracts,Capital Goods,SMALL,True,,,,ORDER,NSE
2026-09-03,MANINFRA,50,False,Fundraise,,SB,LOW,False,,NSE_MANINFRA_02-Sep-2026_144232,https://nsearchives.nseindia.com/corporate/vishaladhav_02092026144010_MICL.pdf,-1.0,UNKNOWN,,Buyback,Infrastructure,SMALL,False,,,,,
2026-07-09,CPPLUS,50,False,Regulatory,Record date announced for an upcoming corporate action; details in filing.,HC,HIGH,False,,NSE_CPPLUS_08-Jul-2026_170400,https://nsearchives.nseindia.com/corporate/CPPLUS_08072026170252_signedstxintimationagm.pdf,-1.0,UNKNOWN,,,,,False,,,,,
2026-07-27,ROLEXRINGS,50,False,Fundraise,,STANDARD,LOW,False,,NSE_ROLEXRINGS_24-Jul-2026_174611,https://nsearchives.nseindia.com/corporate/ROLEXRINGS_24072026174558_Stock_Exchange_Intimation.pdf,-1.0,UNKNOWN,,,,,False,,,,,
2026-05-13,GARFIBRES,50,False,Fundraise,,SB,LOW,False,,NSE_GARFIBRES_12-May-2026_123601,https://nsearchives.nseindia.com/corporate/GARFIBRES_12052026123541_PAReg7.pdf,-1.0,UNKNOWN,,,,,False,,,,,
2026-09-16,SUNSHINE,50,False,Results,Sunshine Pictures Q1 FY27 revenue at Rs 6.48 Cr and net profit at Rs 2.53 Cr.,STANDARD,UNKNOWN,False,,NSE_SUNSHINE_15-Sep-2026_201623,https://nsearchives.nseindia.com/corporate/SUNSHINE_15092026201447_Outcomeofboardmeeting.pdf,0.59,IMMATERIAL,PDF,"the financial results for the period ended Jun 30, 2026.",Media Entertainment & Publication,MICRO,True,,,,RESULTS,NSE
2026-09-21,WELCORP,50,False,Order Win,"Associate company East Pipes wins Aramco steel pipe contract worth INR 2,000 Crore.",STANDARD,HIGH,False,,BSE_d0684be4-8aee-438f-888a-883255668867,7cff6433-218c-4654-b03d-f1e45a3c9b7a.pdf,2.85,MODERATE,PDF,"Large Order win announced by the Company associate Company viz East Pipes Integrated Company for Industry, KSA",Capital Goods,SMALL,True,,,,ORDER,BSE
2026-07-14,JAYKAY,50,False,Fundraise,,STANDARD,MID,False,,NSE_JAYKAY_13-Jul-2026_173013,https://nsearchives.nseindia.com/corporate/JAYKAY_13072026172937_Outcome_sd.pdf,-1.0,UNKNOWN,,,,,False,,,,,
2026-09-24,LENSKART,50,False,Acquisition,NESO Brands acquired an additional 2.52% stake in Le Petit Lunetier for EUR 0.248M (INR 2.71 Cr).,STANDARD,HIGH,False,,NSE_LENSKART_23-Sep-2026_231519,https://nsearchives.nseindia.com/corporate/LENSKART_23092026231455_Reg_30_-_Intimation_Investment_LPL_23092026.pdf,0.0,IMMATERIAL,PDF,"acquisition of an additional stake in in Le Petit Lunetier Paris SAS, France, through its wholly owned subsidiary NESO Brands Pte. Ltd., Singapore",Consumer Services,MID,True,,,,ACQUISITION,NSE
2026-04-24,CYIENT,50,False,Fundraise,,STANDARD,LOW,False,,NSE_CYIENT_23-Apr-2026_200250,https://nsearchives.nseindia.com/corporate/CYIENT_23042026200157_BuybackSignedFinal.pdf,-1.0,UNKNOWN,,,,,False,,,,,
2026-09-23,TEMPSENS,50,False,Concall,Q1 revenue grew 33% with margin pressure from upfront capacity investments; strong order visibility ahead.,STANDARD,UNKNOWN,False,,NSE_TEMPSENS_22-Sep-2026_170346,https://nsearchives.nseindia.com/corporate/TEMPSENS_22092026170331_Transcript_june.pdf,-1.0,UNKNOWN,,Transcript,Capital Goods,MICRO,True,maintained,confident,0.0,CONCALL,NSE
2026-05-20,ZYDUSLIFE,50,False,Fundraise,,STANDARD,LOW,False,,NSE_ZYDUSLIFE_19-May-2026_194658,https://nsearchives.nseindia.com/corporate/Cadilahc_19052026194629_BoardResolutiontoSEs.pdf,-1.0,UNKNOWN,,,,,False,,,,,
2026-05-26,CMSINFO,50,False,Fundraise,,SB,LOW,False,,NSE_CMSINFO_25-May-2026_184945,https://nsearchives.nseindia.com/corporate/CMSINFO_25052026184821_Combined.pdf,-1.0,UNKNOWN,,,,,False,,,,,
2026-09-21,EMAMILTD,50,False,Fundraise,,STANDARD,LOW,False,,BSE_2c35d444-c920-4160-adba-a9a03f47205a,daabcf45-a9ea-420c-9256-04ac90b7bd54.pdf,-1.0,UNKNOWN,,Submission of Public Announcement for Buyback of Equity Shares of Emami Limited from Open Market Route,Fast Moving Consumer Goods,SMALL,False,,,,FUNDRAISE,BSE
2026-06-22,CYIENT,50,False,Fundraise,,STANDARD,LOW,False,,NSE_CYIENT_20-Jun-2026_222609,https://nsearchives.nseindia.com/corporate/CYIENT_20062026222500_AddendumLetterofOfferSigned.pdf,-1.0,UNKNOWN,,,,,False,,,,,
2026-04-17,AGIIL,50,False,Regulatory,"Key licenses or regulatory approvals granted, withdrawn, or suspended.",HC,HIGH,False,,NSE_AGIIL_17-Apr-2026_111342,https://nsearchives.nseindia.com/corporate/AGIINFRA_17042026111013_DisclosureunderRegulation30ofSEBILODRRegulations2015.pdf,-1.0,UNKNOWN,,,,,False,,,,,
2026-09-22,DIXON,50,False,Acquisition,Dixon acquired 51% stake in Adivistar Electronics for Rs 2.55 crore.,STANDARD,MID,False,,NSE_DIXON_21-Sep-2026_184049,https://nsearchives.nseindia.com/corporate/DIXON_21092026184010_AcquisitionAdivistarFinal21092026.pdf,0.0,IMMATERIAL,PDF,Acquisition,Consumer Durables,MID,True,,,,ACQUISITION,NSE
2026-09-15,RPEL,50,False,Regulatory,Company receives intimation of grant of patent,HC,HIGH,False,,BSE_8272aac0-032d-4522-a496-bbb985b38b55,d9a888c6-f731-460a-b37a-c841d0b343d0.pdf,-1.0,UNKNOWN,,Intimation Of Grant Of Patent,Capital Goods,MICRO,False,,,,REGULATORY,BSE
2026-06-04,ROLEXRINGS,50,False,Fundraise,,SB,LOW,False,,NSE_ROLEXRINGS_04-Jun-2026_112733,https://nsearchives.nseindia.com/corporate/ROLEXRINGS_04062026112727_Intimation.pdf,-1.0,UNKNOWN,,,,,False,,,,,
2026-04-22,AUROPHARMA,50,False,Fundraise,,SB,LOW,False,,NSE_AUROPHARMA_21-Apr-2026_160341,https://nsearchives.nseindia.com/corporate/AUROPHARMA_21042026160302_LtrToSEsBuybackLOFtoShHolders2142026.pdf,-1.0,UNKNOWN,,,,,False,,,,,
2026-07-23,SUMEETINDS,50,False,Fundraise,,STANDARD,MID,False,,NSE_SUMEETINDS_22-Jul-2026_183047,https://nsearchives.nseindia.com/corporate/SUMEETINDS_22072026183000_OutcomeBMAllotment.pdf,-1.0,UNKNOWN,,,,,False,,,,,
2026-07-02,TEAMLEASE,50,False,Fundraise,,STANDARD,LOW,False,,NSE_TEAMLEASE_01-Jul-2026_151911,https://nsearchives.nseindia.com/corporate/TEAMLEASE_01072026151708_TeamLeasePublicAnnouncmentForBuyback.pdf,-1.0,UNKNOWN,,,,,False,,,,,
2026-07-23,TIPSMUSIC,50,False,Fundraise,,SB,LOW,False,,NSE_TIPSMUSIC_22-Jul-2026_135809,https://nsearchives.nseindia.com/corporate/TIPSINDLTD_22072026135104_TIPSMUSICoutcomePf.pdf,-1.0,UNKNOWN,,,,,False,,,,,
2026-09-23,CHALET,50,False,Debt,India Ratings upgraded Chalet Hotels' credit rating for term loans and fund-based limits to IND AA / Stable.,STANDARD,MID,False,,BSE_c20c7379-2aaf-4d0e-9414-e97c31d1f8ce,d002329c-037c-48ab-880f-dc20faf9af28.pdf,-1.0,UNKNOWN,,Credit Rating upgrade letter enclosed,Consumer Services,SMALL,True,,,,RATING,BSE
2026-08-03,ROLEXRINGS,50,False,Fundraise,,STANDARD,LOW,False,,NSE_ROLEXRINGS_31-Jul-2026_174822,https://nsearchives.nseindia.com/corporate/ROLEXRINGS_31072026174815_Stock_Exchange_intimation.pdf,-1.0,UNKNOWN,,,,,False,,,,,
2026-05-11,GARFIBRES,50,False,Fundraise,,SB,LOW,False,,NSE_GARFIBRES_08-May-2026_144904,https://nsearchives.nseindia.com/corporate/GARFIBRES_08052026144434_OutcomeOfBoardMeeting08052026.pdf,-1.0,UNKNOWN,,,,,False,,,,,
2026-09-03,MANINFRA,50,False,Fundraise,,SB,LOW,False,,NSE_MANINFRA_03-Sep-2026_105431,https://nsearchives.nseindia.com/corporate/vishaladhav_03092026105157_MICL.pdf,-1.0,UNKNOWN,,Public Announcement - Buyback of Shares,Infrastructure,SMALL,False,,,,,
2026-06-29,WIPRO,50,False,Fundraise,,SB,LOW,False,,NSE_WIPRO_26-Jun-2026_181057,https://nsearchives.nseindia.com/corporate/Cslogin_26062026181043_SEIntimationPostBuybackPA.pdf,-1.0,UNKNOWN,,,,,False,,,,,
2026-05-26,WIPRO,50,False,Fundraise,,SB,LOW,False,,NSE_WIPRO_25-May-2026_170920,https://nsearchives.nseindia.com/corporate/Cslogin_25052026170905_SEIntimationPA.pdf,-1.0,UNKNOWN,,,,,False,,,,,
2026-09-02,KPIL,50,False,Acquisition,KPIL's subsidiary LMG AB incorporates LM Operation Center India Private Limited with Rs 15 Cr equity.,SB,MID,False,,NSE_KPIL_01-Sep-2026_161507,https://nsearchives.nseindia.com/corporate/KALPATPOWR_01092026161403_IntimationLMGSubsidiary_01092026.pdf,0.06,IMMATERIAL,PDF,Acquisition,Capital Goods,MID,True,,,,,
2026-09-18,EMAMILTD,50,False,Fundraise,,STANDARD,LOW,False,,BSE_354029b0-e676-41da-b876-4a8bab51e6b5,a29202fe-ff13-4eda-a532-738b9ba0f0c7.pdf,-1.0,UNKNOWN,,Corporate Action - Board approves Buyback,Fast Moving Consumer Goods,SMALL,False,,,,FUNDRAISE,BSE
2026-09-25,LALPATHLAB,48,False,Acquisition,Acquisition of 70% stake in SN Genelab Private Limited for up to INR 199.5 Crores.,HC,LOW,False,,NSE_LALPATHLAB_24-Sep-2026_173120,https://nsearchives.nseindia.com/corporate/LALPATHLAB_24092026172628_Outcome.pdf,0.63,IMMATERIAL,PDF,"acquisition of 70% stake in SN Genelab Private Limited ( S N Gene ) from its existing Shareholders. Post acquisition, S N Gene shall become a Subsidiary of the Company",Healthcare,SMALL,True,,,,ACQUISITION,NSE
2026-09-25,AGIIL,48,False,Debt,India Ratings upgraded credit rating for Worldnext Realty LLP bank loan facilities to IND BB+/Stable.,HC,LOW,False,,NSE_AGIIL_25-Sep-2026_111921,https://nsearchives.nseindia.com/corporate/AGIINFRA_25092026111642_IntimationofCreditrating.pdf,4.22,MODERATE,PDF,Credit Rating- Others,Realty,MICRO,True,,,,RATING,NSE
2026-09-01,AUROPHARMA,48,False,Acquisition,Apitoria Pharma (Aurobindo subsidiary) incorporates Avogent Lifesciences as wholly-owned subsidiary for ₹5 Cr.,HC,MID,False,,NSE_AUROPHARMA_01-Sep-2026_101027,https://nsearchives.nseindia.com/corporate/AUROPHARMA_01092026100944_LtrToSEsAvogent01092026.pdf,0.01,IMMATERIAL,PDF,Acquisition,Pharma,LARGE,True,,,,,
2026-09-07,SHAKTIPUMP,48,False,Acquisition,Shakti Pumps invests Rs. 11.00 Cr in wholly owned subsidiary Shakti Energy Solutions Limited for manufacturing plant.,HC,LOW,False,,NSE_SHAKTIPUMP_05-Sep-2026_145459,https://nsearchives.nseindia.com/corporate/SHAKTIPUMP_05092026145433_IntimationunderReg30ShaktiEnergy.pdf,0.19,IMMATERIAL,PDF,Acquisition,Capital Goods,SMALL,True,,,,,
2026-09-25,RRKABEL,48,False,Acquisition,RR Kabel acquired UM Cables' business undertaking for Rs. 77 crores via slump sale.,HC,LOW,False,,NSE_RRKABEL_24-Sep-2026_215051,https://nsearchives.nseindia.com/corporate/RRKL1995_24092026214959_Outcome_of_BM_acquisition_of_unit_-_Final.pdf,0.28,IMMATERIAL,PDF,the Board's approval for acquisition of the Business Undertaking of U M Cables Limited.,Capital Goods,SMALL,True,,,,BOARD,NSE
2026-09-25,LALPATHLAB,48,False,Acquisition,Dr. Lal PathLabs to acquire 70% stake in SN Genelab for up to INR 199.5 Crores.,HC,LOW,False,,NSE_LALPATHLAB_24-Sep-2026_172410,https://nsearchives.nseindia.com/corporate/LALPATHLAB_24092026172332_Outcome.pdf,0.63,IMMATERIAL,PDF,"Outcome of Board Meeting held on September 24, 2026.",Healthcare,SMALL,True,,,,BOARD,NSE
2026-09-23,BORORENEW,47,False,Capex,Borosil Renewables revises capex for 600 TPD capacity expansion at Bharuch to Rs. 1100 crores.,SB,LOW,False,,BSE_7cab4d0e-3e5f-4e64-a77f-e69868c30260,17ac80b2-f6b9-4579-be48-78ceb9d43222.pdf,17.03,MAJOR,PDF,Outcome of Board meeting - Update on Capacity expansion,Capital Goods,MICRO,True,,,,BOARD,BSE
2026-09-23,SKIPPER,47,False,Order Win,Skipper Limited secured new domestic and international orders worth Rs. 797 crores.,SB,MID,False,,NSE_SKIPPER_23-Sep-2026_104608,https://nsearchives.nseindia.com/corporate/skipper_23092026104600_Press_ReleaseOrder.pdf,11.53,MAJOR,PDF,Bagging/Receiving of orders/contracts,Capital Goods,MICRO,True,,,,ORDER,NSE
2026-09-22,GRSE,47,False,Capex,GRSE approved Rs 2896 crore capex for constructing a Greenfield Shipyard at Raichak.,SB,LOW,False,,NSE_GRSE_21-Sep-2026_182748,https://nsearchives.nseindia.com/corporate/GRSE_21092026182548_Corp_Ann__Outcome_of_423rd_Board_Meeting_-_Capex_in_Raichak_facility.pdf,10.48,MAJOR,PDF,"This disclosure is in continuation to the disclosure filed by the Company on 24 Aug 2026 regarding Capacity Expansion through three new facilities including Raichak.In terms of Regulation 30 and other applicable provisions of the Securities and Exchange Board of India (Listing Obligations and Disclosure Requirements) Regulations, 2015, as amended, we wish to inform that the Board of Directors of the Company in its 423rd meeting held today, i.e. 21 Sep 2026 has, inter-alia, approved Capital Budgetary outlay of Rs. 2896 crore for construction of a Greenfield Shipyard at Raichak for enhancing the ship building capacity of GRSE in both the Naval and Commercial segments.The Board Meeting commenced at 1430 hours and concluded at 1630 hours.",Capital Goods,SMALL,True,,,,BOARD,NSE
2026-09-23,ASHOKLEY,46,False,Debt,"Ashok Leyland receives credit rating reaffirmation and withdrawal for total facilities of ₹6,000 crores.",SB,MID,False,,BSE_894acd3b-e169-4481-b964-a4409eb740ae,5ddc8a62-1469-4f49-a340-683332ad0dff.pdf,6.27,SIGNIFICANT,PDF,Credit Ratings from CARE Ratings Limited,Capital Goods,MID,True,,,,RATING,BSE
2026-09-22,ASHOKLEY,46,False,Debt,"CARE Ratings reaffirms Rs 6,000 Cr credit facilities and withdraws unavailed/repaid facilities.",SB,MID,False,,NSE_ASHOKLEY_22-Sep-2026_095447,https://nsearchives.nseindia.com/corporate/ASHOKLEYLAND_22092026095429_37Creditratings22092026PDF.pdf,6.27,SIGNIFICANT,PDF,Credit Rating,Capital Goods,MID,True,,,,RATING,NSE
2026-05-19,TVSMOTOR,45,False,Acquisition,Acquisition announced; details in filing.,SB,LOW,False,,NSE_TVSMOTOR_18-May-2026_121414,https://nsearchives.nseindia.com/corporate/TVSMOTOR_18052026121329_TVSMNSEBSE_jerryfinal_sd.pdf,-1.0,UNKNOWN,,,,,False,,,,,
2026-06-29,NTPC,45,False,Acquisition,Gemini unavailable — manual review required,STANDARD,LOW,False,,NSE_NTPC_26-Jun-2026_150715,https://nsearchives.nseindia.com/corporate/NTPC_26062026150703_20260626_Incorporationofwhollyownedsubdiary.pdf,-1.0,UNKNOWN,,,,,False,,,,,
2026-04-23,WABAG,45,False,Acquisition,Company announces acquisition. Details regarding target and value are not specified.,SB,MID,False,,NSE_WABAG_22-Apr-2026_181605,https://nsearchives.nseindia.com/corporate/VATECH_22042026181457_SIIncorporation.pdf,-1.0,UNKNOWN,,,,,False,,,,,
2026-07-29,LT,45,False,Acquisition,Amalgamation/Merger announced; details in filing.,SB,LOW,False,,NSE_LT_28-Jul-2026_173018,https://nsearchives.nseindia.com/corporate/PAM_28072026172853_LTJune2026.pdf,-1.0,UNKNOWN,,,,,False,,,,,
2026-09-25,LEMONTREE,45,False,Acquisition,"Fleur Hotels acquired land in Bandra, Mumbai for Rs. 120 Crores to build a hotel.",SB,LOW,False,,NSE_LEMONTREE_24-Sep-2026_212642,https://nsearchives.nseindia.com/corporate/LEMONTREE_24092026211955_Reg_30.pdf,1.42,MODERATE,PDF,"completion of acquisition of land parcel in Bandra (East), Mumbai by Fleur Hotels Limited, a material subsidiary of the Company",Consumer Services,SMALL,True,,,,ACQUISITION,NSE
2026-09-25,WHEELS,45,False,Regulatory,"Wheels India opened QIP issue with a floor price of Rs. 2,197.10 per share.",SB,HIGH,False,,NSE_WHEELS_24-Sep-2026_191306,https://nsearchives.nseindia.com/corporate/WHEELS_24092026191150_WILReg30outcome24092026.pdf,-1.0,UNKNOWN,N/A,"Outcome of Board Meeting held on September 24, 2026.",Automobile and Auto Components,MICRO,True,,,,BOARD,NSE
2026-08-26,GODREJPROP,45,False,Acquisition,Acquisition announced; details in filing,STANDARD,LOW,False,,NSE_GODREJPROP_25-Aug-2026_190050,https://nsearchives.nseindia.com/corporate/GODREJPROP_25082026190035_SEIntimationGRMPL.pdf,-1.0,UNKNOWN,,,,,False,,,,,
2026-05-20,ITC,45,False,Acquisition,Acquisition announced; details in filing,STANDARD,LOW,False,,NSE_ITC_19-May-2026_153908,https://nsearchives.nseindia.com/corporate/ITC_19052026153852_SE_Mother_Sparsh_.pdf,-1.0,UNKNOWN,,,,,False,,,,,
2026-06-01,TI,45,False,Acquisition,Amalgamation/Merger announced; details in filing.,STANDARD,LOW,False,,NSE_TI_29-May-2026_204922,https://nsearchives.nseindia.com/corporate/gthakur_29052026204900_TIMergerintimationMay2026.pdf,-1.0,UNKNOWN,,,,,False,,,,,
2026-07-30,POWERGRID,45,False,Acquisition,Acquisition announced; details in filing.,STANDARD,LOW,False,,NSE_POWERGRID_29-Jul-2026_202218,https://nsearchives.nseindia.com/corporate/POWERGRID1_29072026202209_BSENSEReg30dt29072026signed.pdf,-1.0,UNKNOWN,,,,,False,,,,,
2026-07-31,UNOMINDA,45,False,Acquisition,Acquisition announced; details in filing.,SB,LOW,False,,NSE_UNOMINDA_30-Jul-2026_211031,https://nsearchives.nseindia.com/corporate/MINDAIND1_30072026211020_Intimation.pdf,-1.0,UNKNOWN,,,,,False,,,,,
2026-08-03,DATAMATICS,45,False,Acquisition,Acquisition announced; details in filing.,SB,LOW,False,,NSE_DATAMATICS_31-Jul-2026_201706,https://nsearchives.nseindia.com/corporate/DGSL_31072026201628_SEIntimationJuly312026sd.pdf,-1.0,UNKNOWN,,,,,False,,,,,
2026-08-07,HGINFRA,45,False,Acquisition,Acquisition announced; details in filing,STANDARD,LOW,False,,NSE_HGINFRA_06-Aug-2026_184805,https://nsearchives.nseindia.com/corporate/HGINFRA_06082026184543_FinalSubmission.pdf,-1.0,UNKNOWN,,,,,False,,,,,
2026-05-22,EICHERMOT,45,False,Acquisition,Acquisition announced; details in filing.,STANDARD,LOW,False,,NSE_EICHERMOT_21-May-2026_173340,https://nsearchives.nseindia.com/corporate/EICHERMOT_21052026173309_Reg_30_DisclosureJavaSigned21052026.pdf,-1.0,UNKNOWN,,,,,False,,,,,
2026-08-20,CIPLA,45,False,Acquisition,Cipla announces an amalgamation/merger; details in filing.,SB,LOW,False,,NSE_CIPLA_19-Aug-2026_170146,https://nsearchives.nseindia.com/corporate/CIPLA_19082026170119_NCLTorderintimationsigned.pdf,-1.0,UNKNOWN,,,,,False,,,,,
2026-05-28,CELLO,45,False,Acquisition,Amalgamation/Merger announced; details in filing.,STANDARD,LOW,False,,NSE_CELLO_27-May-2026_225303,https://nsearchives.nseindia.com/corporate/CELLO2023_27052026225115_BMOutcome.pdf,-1.0,UNKNOWN,,,,,False,,,,,
2026-07-22,KIRLPNU,45,False,Acquisition,Acquisition announced; details in filing.,SB,LOW,False,,NSE_KIRLPNU_21-Jul-2026_133223,https://nsearchives.nseindia.com/corporate/truneshgujar_21072026133207_KPCL_Outcome.pdf,-1.0,UNKNOWN,,,,,False,,,,,
2026-05-29,PERSISTENT,45,False,Acquisition,Acquisition announced; details in filing.,SB,LOW,False,,NSE_PERSISTENT_28-May-2026_145418,https://nsearchives.nseindia.com/corporate/PERSISTENTUSER1_28052026145403_PersistentIntimationofbusinessacquisitionsigned.pdf,-1.0,UNKNOWN,,,,,False,,,,,
2026-08-28,POWERGRID,45,False,Acquisition,Acquisition announced; details in filing,STANDARD,LOW,False,,NSE_POWERGRID_28-Aug-2026_181618,https://nsearchives.nseindia.com/corporate/POWERGRID1_28082026181534_BSENSEReg30dt28082026Acq_v1.pdf,-1.0,UNKNOWN,,,,,False,,,,,
2026-04-29,THELEELA,45,False,Acquisition,Company announced an acquisition.,SB,MID,False,,NSE_THELEELA_28-Apr-2026_184449,https://nsearchives.nseindia.com/corporate/THELEELA_28042026184138_IntReg30.pdf,-1.0,UNKNOWN,,,,,False,,,,,
2026-09-02,MSTCLTD,45,False,Regulatory,Announces record date for corporate action; details in filing.,SB,HIGH,False,,NSE_MSTCLTD_01-Sep-2026_142948,https://nsearchives.nseindia.com/corporate/MSTCLTD_01092026142925_SE766.pdf,-1.0,UNKNOWN,,Record Date,Logistics,SMALL,False,,,,,
2026-07-05,AMBER,45,False,Acquisition,Acquisition announced; details in filing.,STANDARD,LOW,False,,NSE_AMBER_03-Jul-2026_180943,https://nsearchives.nseindia.com/corporate/AMBER_03072026180759_SE_Intimation_Acquisition_Manju_Thomas_03072026.pdf,-1.0,UNKNOWN,,,,,False,,,,,
2026-09-08,BALUFORGE,45,False,Regulatory,Company announced a record date for an undisclosed corporate action.,SB,HIGH,False,,NSE_BALUFORGE_07-Sep-2026_150649,https://nsearchives.nseindia.com/corporate/BALUFORGE_07092026150558_IntimationReg42.pdf,-1.0,UNKNOWN,,Record Date,Capital Goods,SMALL,False,,,,,
2026-06-03,DELHIVERY,45,False,Acquisition,Acquisition announced; details in filing.,STANDARD,LOW,False,,NSE_DELHIVERY_02-Jun-2026_164207,https://nsearchives.nseindia.com/corporate/DELHIVERYLTD_02062026164132_Intimation_DelFintechIncorporationUpdate_sd.pdf,-1.0,UNKNOWN,,,,,False,,,,,
2026-08-27,IRB,45,False,Acquisition,Acquisition announced; details in filing,STANDARD,LOW,False,,NSE_IRB_26-Aug-2026_163644,https://nsearchives.nseindia.com/corporate/IRB_26082026163407_IRBIDL_Outcome_Investment_in_units_of_IRB_InvIT_Fund.pdf,-1.0,UNKNOWN,,,,,False,,,,,
2026-05-25,ZOTA,45,False,Acquisition,Acquisition announced; details in filing.,STANDARD,LOW,False,,NSE_ZOTA_22-May-2026_183737,https://nsearchives.nseindia.com/corporate/ZOTA_22052026183721_Outcome22052026.pdf,-1.0,UNKNOWN,,,,,False,,,,,
2026-07-03,TVSHLTD,45,False,Acquisition,Acquisition announced; details in filing.,SB,LOW,False,,NSE_TVSHLTD_02-Jul-2026_174035,https://nsearchives.nseindia.com/corporate/SUNCLAYLTD_02072026173947_TVSHHCIFInvestment02072026SGD.pdf,-1.0,UNKNOWN,,,,,False,,,,,
2026-06-29,PERSISTENT,45,False,Acquisition,Gemini unavailable — manual review required,SB,LOW,False,,NSE_PERSISTENT_27-Jun-2026_030106,https://nsearchives.nseindia.com/corporate/PERSISTENTUSER1_27062026030030_PSLFinalSEOutcomeoftheBMJune272026Signed.pdf,-1.0,UNKNOWN,,,,,False,,,,,
2026-08-17,GODIGIT,45,False,Acquisition,Amalgamation/Merger announced; details in filing.,STANDARD,LOW,False,,NSE_GODIGIT_14-Aug-2026_131723,https://nsearchives.nseindia.com/corporate/GODIGITGI_14082026131708_GDGIL_NCLT_Interim_Order_SE_Intimation_Final.pdf,-1.0,UNKNOWN,,,,,False,,,,,
2026-07-29,GABRIEL,45,False,Regulatory,Company announces record date; details in filing.,STANDARD,HIGH,False,,NSE_GABRIEL_28-Jul-2026_194617,https://nsearchives.nseindia.com/corporate/GABRIEL_28072026194509_SE_Intimation_Final_signed.pdf,-1.0,UNKNOWN,,,,,False,,,,,
2026-05-15,IKS,45,False,Acquisition,"Acquisition announced, details not provided. No monetary value or other specifics mentioned.",SB,MID,False,,NSE_IKS_14-May-2026_214446,https://nsearchives.nseindia.com/corporate/IKSSHEETAL_14052026214335_Completion_of_Acquisition_ARAI_Signed.pdf,-1.0,UNKNOWN,,,,,False,,,,,
2026-08-18,SPORTKING,45,False,Regulatory,Record date announced; details in filing.,SB,HIGH,False,,NSE_SPORTKING_17-Aug-2026_124331,https://nsearchives.nseindia.com/corporate/SPORTKING_17082026124309_Record_Date.pdf,-1.0,UNKNOWN,,,,,False,,,,,
2026-06-24,WIPRO,45,False,Acquisition,Acquisition announced; details in filing.,SB,LOW,False,,NSE_WIPRO_23-Jun-2026_184135,https://nsearchives.nseindia.com/corporate/Wipro_Secretarial_23062026184037_Reg30SEIntimation_230626.pdf,-1.0,UNKNOWN,,,,,False,,,,,
2026-08-24,SANDUMA,45,False,Acquisition,Acquisition announced; details in filing.,SB,LOW,False,,NSE_SANDUMA_21-Aug-2026_164324,https://nsearchives.nseindia.com/corporate/SANDUR_21082026164145_Ltr2SEsIncorporationofRSHPLSigned.pdf,-1.0,UNKNOWN,,,,,False,,,,,
2026-06-03,WIPRO,45,False,Acquisition,Acquisition announced; details in filing.,SB,LOW,False,,NSE_WIPRO_02-Jun-2026_200829,https://nsearchives.nseindia.com/corporate/Cslogin_02062026200213_Reg30SEIntimation02062026.pdf,-1.0,UNKNOWN,,,,,False,,,,,
2026-05-20,BLUESTARCO,45,False,Acquisition,Acquisition announced; details in filing,SB,LOW,False,,NSE_BLUESTARCO_19-May-2026_182405,https://nsearchives.nseindia.com/corporate/BLUESTARCO_19052026182356_SEintimataionacquisitionqatar.pdf,-1.0,UNKNOWN,,,,,False,,,,,
2026-08-27,VIKRAMSOLR,45,False,Acquisition,Acquisition announced; details in filing,SB,LOW,False,,NSE_VIKRAMSOLR_26-Aug-2026_211809,https://nsearchives.nseindia.com/corporate/VSLCS_26082026211507_IntimationReg30.pdf,-1.0,UNKNOWN,,,,,False,,,,,
2026-05-21,LENSKART,45,False,Acquisition,Merger announced; details in filing,STANDARD,LOW,False,,NSE_LENSKART_20-May-2026_162727,https://nsearchives.nseindia.com/corporate/LENSKART_20052026162603_Outcome_Intimation_-_BM_dated_20052026_signed.pdf,-1.0,UNKNOWN,,,,,False,,,,,
2026-05-20,ITCHOTELS,45,False,Acquisition,Acquisition announced; details in filing,STANDARD,LOW,False,,NSE_ITCHOTELS_19-May-2026_193126,https://nsearchives.nseindia.com/corporate/ITCHOTELS12_19052026193011_Acquisition.pdf,-1.0,UNKNOWN,,,,,False,,,,,
2026-05-20,JIOFIN,45,False,Acquisition,Acquisition announced; details in filing,STANDARD,LOW,False,,NSE_JIOFIN_19-May-2026_190124,https://nsearchives.nseindia.com/corporate/JIOFINANCIAL_19052026190001_JFSL.pdf,-1.0,UNKNOWN,,,,,False,,,,,
2026-05-19,TIMKEN,45,False,Acquisition,Merger announced; details in filing.,STANDARD,LOW,False,,NSE_TIMKEN_18-May-2026_220416,https://nsearchives.nseindia.com/corporate/TIMKEN_18052026220351_SE_OutcomeofBoardMeeting.pdf,-1.0,UNKNOWN,,,,,False,,,,,
2026-05-12,GRAPHITE,45,False,Acquisition,Company announced an acquisition.,STANDARD,MID,False,,NSE_GRAPHITE_11-May-2026_212431,https://nsearchives.nseindia.com/corporate/GILKOLKATA_11052026212416_Signed_Disclosure-Share_acquisition_of_Graftech.pdf,-1.0,UNKNOWN,,,,,False,,,,,
2026-06-01,CYIENT,45,False,Acquisition,Acquisition announced; details in filing.,STANDARD,LOW,False,,NSE_CYIENT_30-May-2026_120505,https://nsearchives.nseindia.com/corporate/CYIENT_30052026120445_30052026AcquisitionSigned.pdf,-1.0,UNKNOWN,,,,,False,,,,,
2026-06-08,AMBER,45,False,Acquisition,Acquisition announced; details in filing,STANDARD,LOW,False,,NSE_AMBER_06-Jun-2026_231437,https://nsearchives.nseindia.com/corporate/AMBER_06062026231222_StockExchangeIntimationofILJINTechnologiesIncorporaton.pdf,-1.0,UNKNOWN,,,,,False,,,,,
2026-05-27,PIRAMALFIN,45,False,Acquisition,Amalgamation announced; details in filing.,STANDARD,LOW,False,,NSE_PIRAMALFIN_26-May-2026_192357,https://nsearchives.nseindia.com/corporate/Piramalcapital_26052026191730_PFL_Intimation_26052026_sd_2.pdf,-1.0,UNKNOWN,,,,,False,,,,,
2026-05-11,TVSMOTOR,45,False,Acquisition,"Company initiates an amalgamation/merger, expected to have strategic benefits.",SB,LOW,False,,NSE_TVSMOTOR_08-May-2026_165830,https://nsearchives.nseindia.com/corporate/TVSMOTOR_08052026165807_TVSMNSEBSE_SACLMERGER_sd.pdf,-1.0,UNKNOWN,,,,,False,,,,,
2026-08-11,PHOENIXLTD,45,False,Acquisition,Acquisition announced; details in filing.,SB,LOW,False,,NSE_PHOENIXLTD_10-Aug-2026_144834,https://nsearchives.nseindia.com/corporate/PHOENIXLTD_10082026144823_PML_acquisition_10082026_sd.pdf,-1.0,UNKNOWN,,,,,False,,,,,
2026-06-12,GSPCROP,45,False,Acquisition,Acquisition announced; details in filing.,SB,LOW,False,,NSE_GSPCROP_12-Jun-2026_114907,https://nsearchives.nseindia.com/corporate/GSP123_12062026114820_IntiWOSGIPL.pdf,-1.0,UNKNOWN,,,,,False,,,,,
2026-07-03,LENSKART,45,False,Acquisition,Merger announced; details in filing.,STANDARD,LOW,False,,NSE_LENSKART_02-Jul-2026_163414,https://nsearchives.nseindia.com/corporate/LENSKART_02072026163151_Outcome_Intimation_-_BM_dated_02072026_signed.pdf,-1.0,UNKNOWN,,,,,False,,,,,
2026-06-01,TI,45,False,Acquisition,Acquisition announced; details in filing.,STANDARD,LOW,False,,NSE_TI_29-May-2026_212445,https://nsearchives.nseindia.com/corporate/gthakur_29052026212309_TIBMoutcomeMay292026.pdf,-1.0,UNKNOWN,,,,,False,,,,,
2026-06-29,PFC,45,False,Acquisition,Gemini unavailable — manual review required,STANDARD,LOW,False,,NSE_PFC_28-Jun-2026_231724,https://nsearchives.nseindia.com/corporate/PFC2023_28062026231625_INTIMATION28062026SIGNEDPFC.pdf,-1.0,UNKNOWN,,,,,False,,,,,
2026-08-21,RML,45,False,Acquisition,Acquisition announced; details in filing,SB,LOW,False,,NSE_RML_20-Aug-2026_214827,https://nsearchives.nseindia.com/corporate/RMLCS_20082026214453_RML_SE_HCL_Closing_20082026_SD.pdf,-1.0,UNKNOWN,,,,,False,,,,,
2026-08-18,KALYANKJIL,45,False,Regulatory,Record date announced; details in filing.,STANDARD,HIGH,False,,NSE_KALYANKJIL_17-Aug-2026_104622,https://nsearchives.nseindia.com/corporate/KALYANKJIL_17082026104531_AGM_INTIMATION.pdf,-1.0,UNKNOWN,,,,,False,,,,,
2026-06-24,GRASIM,45,False,Acquisition,Acquisition announced; details in filing.,STANDARD,LOW,False,,NSE_GRASIM_23-Jun-2026_121654,https://nsearchives.nseindia.com/corporate/GRASIM_23062026121629_SEIntimation.pdf,-1.0,UNKNOWN,,,,,False,,,,,
2026-06-30,BIOCON,45,False,Acquisition,Acquisition announced; details in filing,STANDARD,LOW,False,,NSE_BIOCON_29-Jun-2026_225140,https://nsearchives.nseindia.com/corporate/BIOCON_29062026225131_SE_Intimation_-_Allotment__Preferential_Issue_.pdf,-1.0,UNKNOWN,,,,,False,,,,,
2026-08-10,DELHIVERY,45,False,Acquisition,Acquisition announced; target company and deal size details in filing.,STANDARD,LOW,False,,NSE_DELHIVERY_08-Aug-2026_165512,https://nsearchives.nseindia.com/corporate/DELHIVERYLTD_08082026165500_Outcome08082026_sd.pdf,-1.0,UNKNOWN,,,,,False,,,,,
2026-07-22,CRISIL,45,False,Acquisition,Amalgamation/Merger announced; details in filing.,STANDARD,LOW,False,,NSE_CRISIL_21-Jul-2026_225400,https://nsearchives.nseindia.com/corporate/CRISIL_21072026225243_SignedBSENSE.pdf,-1.0,UNKNOWN,,,,,False,,,,,
2026-09-18,PTC,45,False,Acquisition,"PTC India formed a joint venture, NIRL PTC Renewables Limited, with NLC India Renewables.",STANDARD,LOW,False,,BSE_e84b567b-765d-4112-b125-d9dc4585ce74,eeefbcb1-3144-4e04-b948-021cc2a51566.pdf,-1.0,UNKNOWN,,"Intimation regarding incorporation of Joint Venture Company, as per attached disclosure.",Power,MICRO,True,,,,ACQUISITION,BSE
2026-08-18,TRIDENT,45,False,Acquisition,Acquisition announced; details in filing.,STANDARD,LOW,False,,NSE_TRIDENT_17-Aug-2026_203012,https://nsearchives.nseindia.com/corporate/TRIDENT_17082026202449_Intimation_Signed.pdf,-1.0,UNKNOWN,,,,,False,,,,,
2026-08-03,VAML,45,False,Acquisition,Acquisition announced; details in filing.,STANDARD,LOW,False,,NSE_VAML_31-Jul-2026_145143,https://nsearchives.nseindia.com/corporate/VAML_31072026145121_7VAMLSEIntimationOutcomeofBMJuly302026Serenticarevisedsigned.pdf,-1.0,UNKNOWN,,,,,False,,,,,
2026-06-01,CCAVENUE,45,False,Acquisition,Acquisition announced; details in filing.,STANDARD,LOW,False,,NSE_CCAVENUE_29-May-2026_144517,https://nsearchives.nseindia.com/corporate/INFIBEAM_29052026144459_AALOutcomeofBM29052026.pdf,-1.0,UNKNOWN,,,,,False,,,,,
2026-08-28,TATASTEEL,45,False,Acquisition,Acquisition announced; details in filing,SB,LOW,False,,NSE_TATASTEEL_27-Aug-2026_223607,https://nsearchives.nseindia.com/corporate/NIDHIFADNAVIS_27082026223434_BSENSE-TSH_funding.pdf,-1.0,UNKNOWN,,,,,False,,,,,
2026-09-17,PNBHOUSING,45,False,Fundraise,,STANDARD,MID,False,,NSE_PNBHOUSING_17-Sep-2026_130133,https://nsearchives.nseindia.com/corporate/PNBHOUSING_17092026130020_SE_intimation_Allotment_of_NCD_LXXVIII_sd.pdf,-1.0,UNKNOWN,,allotment of 50000 NCDs.,Financial Services,SMALL,False,,,,FUNDRAISE,NSE
2026-06-01,LUMAXTECH,45,False,Acquisition,Acquisition announced; details in filing.,SB,LOW,False,,NSE_LUMAXTECH_29-May-2026_180852,https://nsearchives.nseindia.com/corporate/LUMAXTECH_29052026180839_LATLOutcome29052026.pdf,-1.0,UNKNOWN,,,,,False,,,,,
2026-08-31,LUXIND,45,False,Regulatory,Lux Industries Board approved demerger of Vertical A and C businesses into two new entities.,STANDARD,LOW,False,,NSE_LUXIND_31-Aug-2026_194948,https://nsearchives.nseindia.com/corporate/LUXIND_31082026194936_Outcome.pdf,47.17,TRANSFORMATIVE,PDF,Demerger,Others,SMALL,True,,,,,
2026-09-22,UFLEX,45,False,Regulatory,Granted patent for innovation,STANDARD,HIGH,False,,BSE_0e5f6cdb-cd30-4c8d-9986-c1ffa0b951af,eec3ec25-cbf5-449e-b29f-0c3ee8bc355b.pdf,-1.0,UNKNOWN,,Intimation of Grant of Patent,Capital Goods,MICRO,False,,,,REGULATORY,BSE
2026-06-01,POWERGRID,45,False,Acquisition,Acquisition announced; details in filing.,SB,LOW,False,,NSE_POWERGRID_29-May-2026_185309,https://nsearchives.nseindia.com/corporate/POWERGRID1_29052026184946_BSENSE.pdf,-1.0,UNKNOWN,,,,,False,,,,,
2026-07-07,NAUKRI,45,False,Acquisition,Acquisition announced; details in filing.,STANDARD,LOW,False,,NSE_NAUKRI_06-Jul-2026_210028,https://nsearchives.nseindia.com/corporate/NAUKRI2_06072026205948_SE_Intimation_CodingNinja_and_B8.pdf,-1.0,UNKNOWN,,,,,False,,,,,
2026-06-12,COCHINSHIP,45,False,Acquisition,Acquisition announced; details in filing.,STANDARD,LOW,False,,NSE_COCHINSHIP_11-Jun-2026_173057,https://nsearchives.nseindia.com/corporate/Aswi4739_11062026172915_SE_Intimation_Letterhead_SD.pdf,-1.0,UNKNOWN,,,,,False,,,,,
2026-06-05,JUNIPER,45,False,Acquisition,Acquisition announced; details in filing.,STANDARD,LOW,False,,NSE_JUNIPER_05-Jun-2026_102241,https://nsearchives.nseindia.com/corporate/9930371292_05062026102158_SPA_Execution_clarification.pdf,-1.0,UNKNOWN,,,,,False,,,,,
2026-09-15,LEMONTREE,45,False,Acquisition,RJ Corp to acquire 49% stake in Arum Hotels for the Aurika Shillong project.,SB,LOW,False,,BSE_f501df3b-7e5f-4f1c-b4c2-9d0571d7485a,abf9e21f-021f-4643-a699-2aa1c713f24c.pdf,-1.0,UNKNOWN,,"Pursuant to the execution of Joint Venture Agreement (JVA), RJ Corp Limited shall acquire 49% stake by subscribing to fresh issuance of equity shares of Arum Hotels Private Limited (Arum). ....",Consumer Services,SMALL,True,,,,ACQUISITION,BSE
2026-06-04,TVSSCS,45,False,Acquisition,Acquisition announced; details in filing,STANDARD,LOW,False,,NSE_TVSSCS_04-Jun-2026_105717,https://nsearchives.nseindia.com/corporate/CSCOMPLIANCE_04062026105652_SE___ALA_disclosure__Final_Signed_to_upload.pdf,-1.0,UNKNOWN,,,,,False,,,,,
2026-07-03,LENSKART,45,False,Acquisition,Acquisition announced; details in filing.,STANDARD,LOW,False,,NSE_LENSKART_02-Jul-2026_163752,https://nsearchives.nseindia.com/corporate/LENSKART_02072026163723_Outcome_Intimation_-_BM_dated_02072026_signed.pdf,-1.0,UNKNOWN,,,,,False,,,,,
2026-09-22,PACEDIGITK,45,False,Order Win,Lineage Power receives Rs 488.46 cr order from NTPC GE Power Services for BESS containers.,SB,LOW,False,,BSE_3bc8f77e-a105-4a08-8fad-4ec2a1cd7872,8a216512-e7a3-48d0-816f-88d829d765cc.pdf,14.49,MAJOR,PDF,Intimation of Order that Lineage Power Private Limited (Material Subsidiary) has received the order from NTPC GE Power Services Private Limited.,Telecommunication,MICRO,True,,,,ORDER,BSE
2026-07-29,ICRA,45,False,Acquisition,Acquisition announced; details in filing.,SB,LOW,False,,NSE_ICRA_28-Jul-2026_145544,https://nsearchives.nseindia.com/corporate/ICRA_28072026145448_BSER3028072026.pdf,-1.0,UNKNOWN,,,,,False,,,,,
2026-08-31,JTLIND,45,False,Regulatory,Announcement of record date for an unspecified corporate action; details in filing.,STANDARD,HIGH,False,,NSE_JTLIND_31-Aug-2026_131830,https://nsearchives.nseindia.com/corporate/JTLIND_31082026131746_OutcomeOfBM31082026.pdf,-1.0,UNKNOWN,,Record Date,Metals,SMALL,False,,,,,
2026-07-31,DATAPATTNS,45,False,Acquisition,Acquisition announced; details in filing.,SB,LOW,False,,NSE_DATAPATTNS_30-Jul-2026_204327,https://nsearchives.nseindia.com/corporate/Datapatterns_30072026204121_SEIntimationSTACAcquisition30July2026.pdf,-1.0,UNKNOWN,,,,,False,,,,,
2026-08-11,CESC,45,False,Acquisition,Acquisition announced; details in filing.,STANDARD,LOW,False,,NSE_CESC_10-Aug-2026_125313,https://nsearchives.nseindia.com/corporate/CESC_10082026125238_1.pdf,-1.0,UNKNOWN,,,,,False,,,,,
2026-05-26,PAYTM,45,False,Acquisition,Acquisition announced; details in filing.,STANDARD,LOW,False,,NSE_PAYTM_25-May-2026_170854,https://nsearchives.nseindia.com/corporate/PAYTM_25052026170841_SEDisclosureforacquistion.pdf,-1.0,UNKNOWN,,,,,False,,,,,
2026-05-27,SIEMENS,45,False,Acquisition,Amalgamation announced; details in filing.,STANDARD,LOW,False,,NSE_SIEMENS_26-May-2026_172404,https://nsearchives.nseindia.com/corporate/SIEMENS_26052026172353_SRAPL_Post_BM_Intimation_26_May_2026.pdf,-1.0,UNKNOWN,,,,,False,,,,,
2026-04-23,LUMAXTECH,45,False,Acquisition,Amalgamation/merger announcement. Details not provided in headline.,SB,MID,False,,NSE_LUMAXTECH_22-Apr-2026_161552,https://nsearchives.nseindia.com/corporate/LUMAXTECH_22042026161031_LATLIntimation22042026.pdf,-1.0,UNKNOWN,,,,,False,,,,,
2026-08-03,ENTERO,45,False,Acquisition,Acquisition announced; details in filing.,SB,LOW,False,,NSE_ENTERO_31-Jul-2026_185624,https://nsearchives.nseindia.com/corporate/ENTERO_31072026185610_SE_Intimation.pdf,-1.0,UNKNOWN,,,,,False,,,,,
2026-08-20,PHOENIXLTD,45,False,Acquisition,PhoenixLTD announces an acquisition; details in filing.,SB,LOW,False,,NSE_PHOENIXLTD_19-Aug-2026_154802,https://nsearchives.nseindia.com/corporate/PHOENIXLTD_19082026154753_PMLacquisitionIntimation_O2_by_offbeat.pdf,-1.0,UNKNOWN,,,,,False,,,,,
2026-05-22,TVSSCS,45,False,Acquisition,Acquisition announced; details in filing.,STANDARD,LOW,False,,NSE_TVSSCS_21-May-2026_191053,https://nsearchives.nseindia.com/corporate/CSCOMPLIANCE_21052026191035_TVS_SCS_FIT_3PL_acquisition_sd.pdf,-1.0,UNKNOWN,,,,,False,,,,,
2026-05-08,NTPC,45,False,Acquisition,Acquisition announced. No financial details provided.,STANDARD,MID,False,,NSE_NTPC_07-May-2026_180316,https://nsearchives.nseindia.com/corporate/NTPC_07052026180306_20260507_STEX_NEWS_ACQUISITION.pdf,-1.0,UNKNOWN,,,,,False,,,,,
2026-04-17,NAUKRI,45,False,Acquisition,Company announces an acquisition.,STANDARD,LOW,False,,NSE_NAUKRI_17-Apr-2026_115306,https://nsearchives.nseindia.com/corporate/NAUKRI2_17042026115245_IEIL_Reg30_Smartweb.pdf,-1.0,UNKNOWN,,,,,False,,,,,
2026-06-05,AMBUJACEM,45,False,Acquisition,Merger announced; details in filing.,STANDARD,LOW,False,,NSE_AMBUJACEM_04-Jun-2026_194244,https://nsearchives.nseindia.com/corporate/AMBUJACEM_04062026194218_ACL_NOC_Intimation.pdf,-1.0,UNKNOWN,,,,,False,,,,,
2026-08-12,PIIND,45,False,Acquisition,Acquisition announced; details in filing.,STANDARD,LOW,False,,NSE_PIIND_11-Aug-2026_193204,https://nsearchives.nseindia.com/corporate/PIIND_11082026193115_Finaloutcomesd.pdf,-1.0,UNKNOWN,,,,,False,,,,,
2026-09-15,UNIMECH,45,False,Regulatory,Unimech Aerospace assigned issuer rating of CARE A; Stable by CARE Ratings Limited.,SB,HIGH,False,,NSE_UNIMECH_15-Sep-2026_130742,https://nsearchives.nseindia.com/corporate/UNIMECH_15092026130732_15926_Credit_Rating_disclosure_SE.pdf,-1.0,UNKNOWN,,Credit Rating,Capital Goods,MICRO,True,,,,RATING,NSE
2026-09-08,GIPCL,45,False,Regulatory,Company announced a record date for an undisclosed corporate action.,STANDARD,HIGH,False,,NSE_GIPCL_08-Sep-2026_093646,https://nsearchives.nseindia.com/corporate/Gipcl7868_08092026093343_GIPCL_SE_41st_Book_Closure_24082026_Signed.pdf,-1.0,UNKNOWN,,Record Date,Others,SMALL,False,,,,,
2026-07-01,HGINFRA,45,False,Acquisition,Acquisition announced; details in filing.,SB,LOW,False,,NSE_HGINFRA_30-Jun-2026_212206,https://nsearchives.nseindia.com/corporate/HGINFRA_30062026211940_FinalIntimationWRER.pdf,-1.0,UNKNOWN,,,,,False,,,,,
2026-06-12,ASTRAL,45,False,Acquisition,Acquisition announced; details in filing.,SB,LOW,False,,NSE_ASTRAL_11-Jun-2026_164951,https://nsearchives.nseindia.com/corporate/ASTRAL_11062026164821_Reg_30.pdf,-1.0,UNKNOWN,,,,,False,,,,,
2026-05-12,ACMESOLAR,45,False,Acquisition,Company announced an acquisition.,STANDARD,MID,False,,NSE_ACMESOLAR_11-May-2026_210823,https://nsearchives.nseindia.com/corporate/ACMECS_11052026210656_Intimation11052026.pdf,-1.0,UNKNOWN,,,,,False,,,,,
2026-08-03,CLEANMAX,45,False,Acquisition,Amalgamation/Merger announced; details in filing.,STANDARD,LOW,False,,NSE_CLEANMAX_31-Jul-2026_194856,https://nsearchives.nseindia.com/corporate/CLEANMAX_31072026194841_Reg_30_Merger.pdf,-1.0,UNKNOWN,,,,,False,,,,,
2026-06-11,INDIACEM,45,False,Acquisition,Gemini unavailable — manual review required,STANDARD,LOW,False,,NSE_INDIACEM_10-Jun-2026_193030,https://nsearchives.nseindia.com/corporate/INDIACEM_10062026192922_SEsltr10062026Reg30Acquisitionsd.pdf,-1.0,UNKNOWN,,,,,False,,,,,
2026-06-29,FLUOROCHEM,45,False,Acquisition,Gemini unavailable — manual review required,STANDARD,LOW,False,,NSE_FLUOROCHEM_26-Jun-2026_174208,https://nsearchives.nseindia.com/corporate/FLUOROCHEM_26062026174158_Intimation.pdf,-1.0,UNKNOWN,,,,,False,,,,,
2026-08-07,SANDUMA,45,False,Acquisition,Acquisition announced; details in filing,SB,LOW,False,,NSE_SANDUMA_06-Aug-2026_182823,https://nsearchives.nseindia.com/corporate/SANDUR_06082026182758_Ltr2SEsToBeIncorpWOSigned.pdf,-1.0,UNKNOWN,,,,,False,,,,,
2026-08-20,EIEL,45,False,Acquisition,EIEL announces an acquisition; details in filing.,SB,LOW,False,,NSE_EIEL_19-Aug-2026_152603,https://nsearchives.nseindia.com/corporate/ENVIRO_19082026152251_Intimation_Reg_30_IncorporateWEPL.pdf,-1.0,UNKNOWN,,,,,False,,,,,
2026-08-28,AXISCADES,45,False,Acquisition,Acquisition announced; details in filing,STANDARD,LOW,False,,NSE_AXISCADES_28-Aug-2026_191002,https://nsearchives.nseindia.com/corporate/AXISCADES_28082026190954_Acquisition28082026.pdf,-1.0,UNKNOWN,,,,,False,,,,,
2026-06-16,JUBLFOOD,45,False,Acquisition,Acquisition announced; details in filing,SB,LOW,False,,NSE_JUBLFOOD_15-Jun-2026_191403,https://nsearchives.nseindia.com/corporate/JUBLFOOD_15062026191327_STX_SL_Investment_15062026.pdf,-1.0,UNKNOWN,,,,,False,,,,,
2026-06-02,PAYTM,45,False,Acquisition,Acquisition announced; details in filing,STANDARD,LOW,False,,NSE_PAYTM_01-Jun-2026_200529,https://nsearchives.nseindia.com/corporate/PAYTM_01062026200519_SEDisclosureUpdateonadditionalfundinPaytmEurope.pdf,-1.0,UNKNOWN,,,,,False,,,,,
2026-05-17,ITCHOTELS,45,False,Acquisition,Acquisition announced; details in filing.,STANDARD,LOW,False,,NSE_ITCHOTELS_15-May-2026_153311,https://nsearchives.nseindia.com/corporate/ITCHOTELS12_15052026153256_Outcome_Acquisitionsigned.pdf,-1.0,UNKNOWN,,,,,False,,,,,
2026-08-12,CCAVENUE,45,False,Acquisition,Amalgamation/merger announced; details in filing.,STANDARD,LOW,False,,NSE_CCAVENUE_11-Aug-2026_142759,https://nsearchives.nseindia.com/corporate/INFIBEAM_11082026142750_OutcomeofBM.pdf,-1.0,UNKNOWN,,,,,False,,,,,
2026-05-22,JUNIPER,45,False,Acquisition,Acquisition announced; details in filing.,STANDARD,LOW,False,,NSE_JUNIPER_21-May-2026_163026,https://nsearchives.nseindia.com/corporate/9930371292_21052026163018_Acquisition-signed.pdf,-1.0,UNKNOWN,,,,,False,,,,,
2026-06-24,PIIND,45,False,Acquisition,Acquisition announced; details in filing.,STANDARD,LOW,False,,NSE_PIIND_23-Jun-2026_194352,https://nsearchives.nseindia.com/corporate/PIIND_23062026194152_OFCD23062026sd.pdf,-1.0,UNKNOWN,,,,,False,,,,,
2026-09-18,GAJA,45,False,Concall,Gaja Alternative Asset Management reported 26% YoY total income growth and 35% PAT growth in Q1 FY27.,STANDARD,UNKNOWN,False,,NSE_GAJA_17-Sep-2026_170150,https://nsearchives.nseindia.com/corporate/GAAML2025_17092026170116_19.pdf,-1.0,UNKNOWN,,Transcript,Financial Services,MICRO,True,not_discussed,confident,0.0,CONCALL,NSE
2026-06-19,AMBER,45,False,Acquisition,Acquisition announced; details in filing.,STANDARD,LOW,False,,NSE_AMBER_18-Jun-2026_141020,https://nsearchives.nseindia.com/corporate/AMBER_18062026135959_SPAASCENT18062026.pdf,-1.0,UNKNOWN,,,,,False,,,,,
2026-05-27,FIRSTCRY,45,False,Acquisition,Acquisition announced; details in filing.,STANDARD,LOW,False,,NSE_FIRSTCRY_26-May-2026_180557,https://nsearchives.nseindia.com/corporate/BRAINBEES_26052026180538_Boardmeetingoutcome_March26.pdf,-1.0,UNKNOWN,,,,,False,,,,,
2026-05-25,TVSMOTOR,45,False,Acquisition,Acquisition announced; details in filing.,SB,LOW,False,,NSE_TVSMOTOR_22-May-2026_183046,https://nsearchives.nseindia.com/corporate/TVSMOTOR_22052026182832_NSEBSEIntimationAcq_sd.pdf,-1.0,UNKNOWN,,,,,False,,,,,
2026-06-05,JKLAKSHMI,45,False,Acquisition,Acquisition announced; details in filing.,SB,LOW,False,,NSE_JKLAKSHMI_04-Jun-2026_185944,https://nsearchives.nseindia.com/corporate/JKLASHMI_04062026185807_DisclosureunderRegulation30Acquisition.pdf,-1.0,UNKNOWN,,,,,False,,,,,
2026-05-21,LENSKART,45,False,Acquisition,Acquisition announced; details in filing,STANDARD,LOW,False,,NSE_LENSKART_20-May-2026_161742,https://nsearchives.nseindia.com/corporate/LENSKART_20052026161623_Outcome_Intimation_-_BM_dated_20052026_signed.pdf,-1.0,UNKNOWN,,,,,False,,,,,
2026-08-25,TCS,45,False,Acquisition,Acquisition announced; details in filing.,SB,LOW,False,,NSE_TCS_24-Aug-2026_165549,https://nsearchives.nseindia.com/corporate/TCS_CORPCS_24082026165522_SE_Disclosure_240828_acq.pdf,-1.0,UNKNOWN,,,,,False,,,,,
2026-06-24,NAUKRI,45,False,Acquisition,Acquisition announced; details in filing.,STANDARD,LOW,False,,NSE_NAUKRI_24-Jun-2026_114235,https://nsearchives.nseindia.com/corporate/NAUKRI2_24062026114206_Stock_Exchange_Intimation-_IEIL_to_SIHL.pdf,-1.0,UNKNOWN,,,,,False,,,,,
2026-08-17,UPL,45,False,Acquisition,Acquisition announced; details in filing.,SB,LOW,False,,NSE_UPL_15-Aug-2026_022015,https://nsearchives.nseindia.com/corporate/UPL_15082026022000_Acquisition_Intimation_finalpdf.pdf,-1.0,UNKNOWN,,,,,False,,,,,
2026-05-21,APOLLOHOSP,45,False,Acquisition,Merger announced; details in filing,SB,LOW,False,,NSE_APOLLOHOSP_20-May-2026_181712,https://nsearchives.nseindia.com/corporate/APOLLOHOSP_20052026181700_SE_outcome_Board_Meeting.pdf,-1.0,UNKNOWN,,,,,False,,,,,
2026-05-28,ADVAIT,45,False,Acquisition,Acquisition announced; details in filing.,SB,LOW,False,,NSE_ADVAIT_27-May-2026_193712,https://nsearchives.nseindia.com/corporate/ADVAITENERGY_27052026193703_SE_incorporationofsub_s.pdf,-1.0,UNKNOWN,,,,,False,,,,,
2026-09-15,CHENNPETRO,45,False,Debt,"ICRA reaffirmed [ICRA]A1+ rating on Rs 7,500 crore commercial paper of Chennai Petroleum Corporation.",SB,HIGH,False,,BSE_f4aa8677-121a-42b1-8582-cce47d88f770,b050fa7d-70f1-4460-ba94-1f29c2729305.pdf,32.02,TRANSFORMATIVE,PDF,ICRA has re-affirmed the credit ratings assigned to CPCL Commercial Paper,Oil & Gas,MID,True,,,,RATING,BSE
2026-07-03,JSWSTEEL,45,False,Acquisition,Merger announced; details in filing.,STANDARD,LOW,False,,NSE_JSWSTEEL_03-Jul-2026_104749,https://nsearchives.nseindia.com/corporate/jessydenny_03072026104440_Merger_approval.pdf,-1.0,UNKNOWN,,,,,False,,,,,
2026-09-18,AEGISLOG,45,False,Regulatory,Aegis Logistics received an independent ESG rating score of 61 from Niche99.,SB,HIGH,False,,NSE_AEGISLOG_18-Sep-2026_121447,https://nsearchives.nseindia.com/corporate/AEGISCHEM_18092026121326_ALL_SE_Intimation_Niche_99-ESG_Rating_Signed.pdf,-1.0,UNKNOWN,,Credit Rating,Oil Gas & Consumable Fuels,SMALL,True,,,,RATING,NSE
2026-08-12,CCAVENUE,45,False,Acquisition,Acquisition announced; details in filing.,STANDARD,LOW,False,,NSE_CCAVENUE_11-Aug-2026_143035,https://nsearchives.nseindia.com/corporate/INFIBEAM_11082026143022_OutcomeofBM.pdf,-1.0,UNKNOWN,,,,,False,,,,,
2026-05-21,SHOPERSTOP,45,False,Acquisition,Acquisition announced; details in filing,STANDARD,LOW,False,,NSE_SHOPERSTOP_20-May-2026_185349,https://nsearchives.nseindia.com/corporate/SHOPERSTOP_20052026185051_Reg30GSSB.pdf,-1.0,UNKNOWN,,,,,False,,,,,
2026-06-22,WIPRO,45,False,Acquisition,Acquisition announced; details in filing,SB,LOW,False,,NSE_WIPRO_19-Jun-2026_160927,https://nsearchives.nseindia.com/corporate/Wipro_Secretarial_19062026160859_Reg30SEIntimation.pdf,-1.0,UNKNOWN,,,,,False,,,,,
2026-04-15,GPIL,45,False,Acquisition,GPIL announces an acquisition.,STANDARD,MID,False,,NSE_GPIL_15-Apr-2026_183445,https://nsearchives.nseindia.com/corporate/GPIL_15042026183433_GPILREG30ACQUISITION15042026.pdf,-1.0,UNKNOWN,,,,,False,,,,,
2026-08-21,DIAMONDYD,45,False,Acquisition,Acquisition announced; details in filing,STANDARD,LOW,False,,NSE_DIAMONDYD_20-Aug-2026_190009,https://nsearchives.nseindia.com/corporate/DIAMONDYD_20082026185938_IntimationofAcquisitionAgreement.pdf,-1.0,UNKNOWN,,,,,False,,,,,
2026-07-30,PHOENIXLTD,45,False,Acquisition,Acquisition announced; details in filing.,SB,LOW,False,,NSE_PHOENIXLTD_29-Jul-2026_124756,https://nsearchives.nseindia.com/corporate/PHOENIXLTD_29072026124316_PMLacquisitionIntimation_Sd.pdf,-1.0,UNKNOWN,,,,,False,,,,,
2026-06-29,IPCALAB,45,False,Acquisition,Gemini unavailable — manual review required,STANDARD,LOW,False,,NSE_IPCALAB_26-Jun-2026_131657,https://nsearchives.nseindia.com/corporate/IPCALAB_26062026131639_IpcaOutcomeofMeeting26062026.pdf,-1.0,UNKNOWN,,,,,False,,,,,
2026-08-28,HEROMOTOCO,45,False,Acquisition,Acquisition announced; details in filing,SB,LOW,False,,NSE_HEROMOTOCO_28-Aug-2026_162425,https://nsearchives.nseindia.com/corporate/HEROMOTO_28082026162158_UpdatetoRegulation3028082026.pdf,-1.0,UNKNOWN,,,,,False,,,,,
2026-05-17,KEC,45,False,Acquisition,Amalgamation/Merger announced; details in filing.,STANDARD,LOW,False,,NSE_KEC_16-May-2026_223111,https://nsearchives.nseindia.com/corporate/KEC_16052026222932_SEIntimationSchemeofMerger.pdf,-1.0,UNKNOWN,,,,,False,,,,,
2026-08-03,PARKHOSPS,45,False,Acquisition,Acquisition announced; details in filing.,SB,LOW,False,,NSE_PARKHOSPS_03-Aug-2026_093446,https://nsearchives.nseindia.com/corporate/PARKMEDIWORLD2025_03082026093432_outcome0308.pdf,-1.0,UNKNOWN,,,,,False,,,,,
2026-06-30,ICRA,45,False,Acquisition,Acquisition announced; details in filing,SB,LOW,False,,NSE_ICRA_29-Jun-2026_124026,https://nsearchives.nseindia.com/corporate/ICRA_29062026123953_BSER3029062026.pdf,-1.0,UNKNOWN,,,,,False,,,,,
2026-06-16,MHRIL,45,False,Acquisition,Acquisition announced; details in filing,STANDARD,LOW,False,,NSE_MHRIL_16-Jun-2026_131210,https://nsearchives.nseindia.com/corporate/MHRIL_16062026131135_SE_Intimation_Aditatva_Completion_of_Acquisition_-_Final_Signed.pdf,-1.0,UNKNOWN,,,,,False,,,,,
2026-09-21,SHILPAMED,45,False,Regulatory,"USFDA inspection completed at Shilpa Medicare Unit VII analytical services division, Hyderabad",SB,HIGH,False,,BSE_8feea476-a5e0-458d-908a-0cdfa1f7af54,c07ed5cc-aac5-4b36-bd86-7ee7958651ae.pdf,-1.0,UNKNOWN,,"USFDA Inspection of Shilpa Medicare Limited at Unit VII, Analytical Services Division, Hyderabad.",Healthcare,MICRO,False,,,,REGULATORY,BSE
2026-09-21,AEGISLOG,45,False,Regulatory,Intimation for ESG rating provided,SB,HIGH,False,,BSE_4811e036-43e7-4cc1-a04a-67e68e653a47,0cb0fdda-1a99-40e6-90a7-731a3a8c0f42.pdf,-1.0,UNKNOWN,,Intimation for ESG Rating is attached.,Oil Gas & Consumable Fuels,SMALL,False,,,,RATING,BSE
2026-08-06,ASTERDM,45,False,Acquisition,Acquisition announced; details in filing,STANDARD,LOW,False,,NSE_ASTERDM_05-Aug-2026_195836,https://nsearchives.nseindia.com/corporate/ASTERDM2_05082026195812_BM_Outcome-sd.pdf,-1.0,UNKNOWN,,,,,False,,,,,
2026-08-06,BIKAJI,45,False,Acquisition,Acquisition announced; details in filing,STANDARD,LOW,False,,NSE_BIKAJI_05-Aug-2026_200431,https://nsearchives.nseindia.com/corporate/BIKAJIFOODS_05082026200415_43.pdf,-1.0,UNKNOWN,,,,,False,,,,,
2026-08-11,BHARATFORG,45,False,Acquisition,Acquisition announced; details in filing.,STANDARD,LOW,False,,NSE_BHARATFORG_10-Aug-2026_191234,https://nsearchives.nseindia.com/corporate/ANILSHINDE_10082026191207_SEIntimation_further_investment_final.pdf,-1.0,UNKNOWN,,,,,False,,,,,
2026-05-08,OSWALPUMPS,45,False,Acquisition,Acquisition announced. No financial details provided.,STANDARD,MID,False,,NSE_OSWALPUMPS_07-May-2026_135335,https://nsearchives.nseindia.com/corporate/OSWALPUMPS_07052026135112_SELetterDooNSPVIncorporationOSEPLOPL07052026.pdf,-1.0,UNKNOWN,,,,,False,,,,,
2026-05-17,UNOMINDA,45,False,Acquisition,Acquisition announced; details in filing.,STANDARD,LOW,False,,NSE_UNOMINDA_16-May-2026_190803,https://nsearchives.nseindia.com/corporate/MINDAIND1_16052026190751_Outcome_16052026.pdf,-1.0,UNKNOWN,,,,,False,,,,,
2026-07-22,INDIAMART,45,False,Acquisition,Acquisition announced; details in filing.,STANDARD,LOW,False,,NSE_INDIAMART_21-Jul-2026_153629,https://nsearchives.nseindia.com/corporate/INDIAMART_21072026153615_OutcomeofBM21072026.pdf,-1.0,UNKNOWN,,,,,False,,,,,
2026-05-12,PREMIERENE,45,False,Acquisition,Company announced an acquisition.,SB,MID,False,,NSE_PREMIERENE_11-May-2026_191638,https://nsearchives.nseindia.com/corporate/PEL2024_11052026191545_PEL_Ksolare_cancel__signed.pdf,-1.0,UNKNOWN,,,,,False,,,,,
2026-05-22,DATAMATICS,45,False,Acquisition,Amalgamation/Merger announced; details in filing.,STANDARD,LOW,False,,NSE_DATAMATICS_21-May-2026_192404,https://nsearchives.nseindia.com/corporate/DGSL_21052026192354_SEOutcomeUploaded.pdf,-1.0,UNKNOWN,,,,,False,,,,,
2026-09-21,AEGISVOPAK,45,False,Regulatory,Credit rating intimation provided,STANDARD,HIGH,False,,BSE_8dff0f57-792e-4a2c-926f-1c725a10e857,4fb6645b-f838-4ed5-bc99-e44b3db00997.pdf,-1.0,UNKNOWN,,Credit rating intimation is attached,Oil Gas & Consumable Fuels,SMALL,False,,,,RATING,BSE
2026-05-14,DCMSHRIRAM,45,False,Acquisition,Company announces acquisition.,SB,MID,False,,NSE_DCMSHRIRAM_13-May-2026_182641,https://nsearchives.nseindia.com/corporate/DCMSHRIRAM_13052026182622_SignedOutcomeofBoardMeeting13052026.pdf,-1.0,UNKNOWN,,,,,False,,,,,
2026-05-18,NAUKRI,45,False,Acquisition,Acquisition announced; details in filing,STANDARD,LOW,False,,NSE_NAUKRI_18-May-2026_112816,https://nsearchives.nseindia.com/corporate/NAUKRI2_18052026112753_Reg30_IEILtoSIHL_18052026.pdf,-1.0,UNKNOWN,,,,,False,,,,,
2026-06-24,SUNTECK,45,False,Acquisition,Acquisition announced; details in filing.,STANDARD,LOW,False,,NSE_SUNTECK_23-Jun-2026_170232,https://nsearchives.nseindia.com/corporate/SUNTECK_23062026170221_SRL.pdf,-1.0,UNKNOWN,,,,,False,,,,,
2026-05-20,DABUR,45,False,Acquisition,Acquisition announced; details in filing,SB,LOW,False,,NSE_DABUR_19-May-2026_152116,https://nsearchives.nseindia.com/corporate/DABUR_19052026152049_Update.pdf,-1.0,UNKNOWN,,,,,False,,,,,
2026-08-04,RBA,45,False,Acquisition,Acquisition announced; details in filing.,STANDARD,LOW,False,,NSE_RBA_03-Aug-2026_162131,https://nsearchives.nseindia.com/corporate/RBA_03082026162059_Finalupload.pdf,-1.0,UNKNOWN,,,,,False,,,,,
2026-07-28,TVSMOTOR,45,False,Acquisition,Acquisition announced; details in filing.,SB,LOW,False,,NSE_TVSMOTOR_27-Jul-2026_203036,https://nsearchives.nseindia.com/corporate/TVSMOTOR_27072026203022_TVSMNSEBSE_TVSCS_AquisitionSD.pdf,-1.0,UNKNOWN,,,,,False,,,,,
2026-05-25,TVSSCS,45,False,Acquisition,Acquisition announced; details in filing.,STANDARD,LOW,False,,NSE_TVSSCS_22-May-2026_194657,https://nsearchives.nseindia.com/corporate/CSCOMPLIANCE_22052026194559_FIT_3PL_to_SS-disclosure_sd.pdf,-1.0,UNKNOWN,,,,,False,,,,,
2026-04-20,ADANIENT,45,False,Acquisition,Company announces an acquisition.,STANDARD,MID,False,,NSE_ADANIENT_18-Apr-2026_231202,https://nsearchives.nseindia.com/corporate/ADANIENT_18042026231055_AEL_Intimation_Regulation_30_incorporatio.pdf,-1.0,UNKNOWN,,,,,False,,,,,
2026-04-21,360ONE,45,False,Acquisition,Company announces an acquisition.,SB,LOW,False,,NSE_360ONE_20-Apr-2026_213314,https://nsearchives.nseindia.com/corporate/IIFLWAM_20042026213141_QuarkSolarAcquisitionbyAAM.pdf,-1.0,UNKNOWN,,,,,False,,,,,
2026-05-26,DIVGIITTS,45,False,Acquisition,Acquisition announced; details in filing.,STANDARD,LOW,False,,NSE_DIVGIITTS_25-May-2026_192947,https://nsearchives.nseindia.com/corporate/DIVGITTS_25052026192935_DTTS_Intimation_of_setting_up_of_WOS_signed.pdf,-1.0,UNKNOWN,,,,,False,,,,,
2026-08-06,ADANIENT,45,False,Acquisition,Acquisition announced; details in filing,STANDARD,LOW,False,,NSE_ADANIENT_05-Aug-2026_163204,https://nsearchives.nseindia.com/corporate/nishant_joshi_adani_com_05082026163157_AELIntimationAAHLGlobal.pdf,-1.0,UNKNOWN,,,,,False,,,,,
2026-06-30,LUMAXTECH,45,False,Acquisition,Acquisition announced; details in filing,SB,LOW,False,,NSE_LUMAXTECH_29-Jun-2026_180017,https://nsearchives.nseindia.com/corporate/LUMAXTECH_29062026175942_LATLLFAEIntimation29062026.pdf,-1.0,UNKNOWN,,,,,False,,,,,
2026-06-11,SPANDANA,45,False,Acquisition,Gemini unavailable — manual review required,STANDARD,LOW,False,,NSE_SPANDANA_11-Jun-2026_115529,https://nsearchives.nseindia.com/corporate/SPANDANA_11062026115437_SchemeMerger11062026.pdf,-1.0,UNKNOWN,,,,,False,,,,,
2026-08-03,THELEELA,45,False,Acquisition,Acquisition announced; details in filing.,STANDARD,LOW,False,,NSE_THELEELA_31-Jul-2026_134932,https://nsearchives.nseindia.com/corporate/THELEELA_31072026134836_NSE.pdf,-1.0,UNKNOWN,,,,,False,,,,,
2026-06-05,ACC,45,False,Acquisition,Merger announced; details in filing.,STANDARD,LOW,False,,NSE_ACC_04-Jun-2026_194641,https://nsearchives.nseindia.com/corporate/ACC_1_04062026194620_ACC_NOC_-_Covering.pdf,-1.0,UNKNOWN,,,,,False,,,,,
2026-06-05,ORIENTCEM,45,False,Acquisition,Merger announced; details in filing.,SB,LOW,False,,NSE_ORIENTCEM_04-Jun-2026_194245,https://nsearchives.nseindia.com/corporate/ORIENTCEM_04062026193509_OCL_NOC_Intimation.pdf,-1.0,UNKNOWN,,,,,False,,,,,
2026-06-02,UPL,45,False,Acquisition,Acquisition announced; details in filing,SB,LOW,False,,NSE_UPL_01-Jun-2026_145056,https://nsearchives.nseindia.com/corporate/UPL_01062026145018_Advanta_Investment_Limited_1.pdf,-1.0,UNKNOWN,,,,,False,,,,,
2026-07-30,RAINBOW,45,False,Acquisition,Acquisition announced; details in filing.,SB,LOW,False,,NSE_RAINBOW_29-Jul-2026_221218,https://nsearchives.nseindia.com/corporate/RAINBOWUSER_29072026221210_Intimationnellore.pdf,-1.0,UNKNOWN,,,,,False,,,,,
2026-06-02,WIPRO,45,False,Acquisition,Acquisition announced; details in filing,SB,LOW,False,,NSE_WIPRO_01-Jun-2026_165009,https://nsearchives.nseindia.com/corporate/Wipro_Secretarial_01062026164833_Reg30SEIntimation01062026.pdf,-1.0,UNKNOWN,,,,,False,,,,,
2026-06-16,BHARTIARTL,45,False,Acquisition,Acquisition announced; details in filing,SB,LOW,False,,NSE_BHARTIARTL_15-Jun-2026_224241,https://nsearchives.nseindia.com/corporate/BHARTIARTL_15062026223656_Bharti_Airtel_-_Disclosure.pdf,-1.0,UNKNOWN,,,,,False,,,,,
2026-07-24,JUBLFOOD,45,False,Acquisition,Acquisition announced; details in filing,SB,LOW,False,,NSE_JUBLFOOD_23-Jul-2026_185811,https://nsearchives.nseindia.com/corporate/JUBLFOOD_23072026185729_STX_Update_on_SL_Investment_July_2026.pdf,-1.0,UNKNOWN,,,,,False,,,,,
2026-09-25,ESDS,45,False,Results,ESDS Software Solution reported Q1 FY27 standalone revenue of ₹116.17 Cr and consolidated revenue of ₹133.66 Cr.,STANDARD,UNKNOWN,False,,NSE_ESDS_24-Sep-2026_203002,https://nsearchives.nseindia.com/corporate/ESDS_24092026202831_ESDS_BM_Outcome_BSE_NSE_Intimation.pdf,0.73,IMMATERIAL,PDF,"the financial results for the period ended Jun 30, 2026.",Information Technology,MICRO,True,,,,RESULTS,NSE
2026-09-25,NYKAA,45,False,Acquisition,"Nykaa acquired 51% stake in Aminu Wellness Private Limited, making it a subsidiary.",SB,LOW,False,,NSE_NYKAA_24-Sep-2026_170355,https://nsearchives.nseindia.com/corporate/NYKAA_24092026170202_NykaaIntimationAminu.pdf,-1.0,UNKNOWN,N/A,"completion of transaction for acquisition of 51 % shareholding on a fully diluted basis in Aminu Wellness Private Limited (""Aminu"").",Consumer Services,MID,True,,,,ACQUISITION,NSE
2026-08-27,SWANDEF,45,False,Acquisition,Merger announced; details in filing,STANDARD,LOW,False,,NSE_SWANDEF_26-Aug-2026_162024,https://nsearchives.nseindia.com/corporate/SWANRNEL_26082026162000_NCLT_Order_Reg_30_26082026.pdf,-1.0,UNKNOWN,,,,,False,,,,,
2026-05-17,TMCV,45,False,Acquisition,Acquisition announced; details in filing.,STANDARD,LOW,False,,NSE_TMCV_15-May-2026_222409,https://nsearchives.nseindia.com/corporate/TMLCOMMERCIAL_15052026222318_NSE.pdf,-1.0,UNKNOWN,,,,,False,,,,,
2026-08-24,ULTRACEMCO,45,False,Acquisition,Acquisition announced; details in filing.,SB,LOW,False,,NSE_ULTRACEMCO_21-Aug-2026_180414,https://nsearchives.nseindia.com/corporate/ULTRACEMCO1_21082026180343_UHG_Holdings_IFSC_Private_Limited_SE_disclosure_21082026.pdf,-1.0,UNKNOWN,,,,,False,,,,,
2026-08-04,POWERGRID,45,False,Acquisition,Acquisition announced; details in filing.,STANDARD,LOW,False,,NSE_POWERGRID_03-Aug-2026_195156,https://nsearchives.nseindia.com/corporate/POWERGRID1_03082026195149_BSENSEReg30dt03082026.pdf,-1.0,UNKNOWN,,,,,False,,,,,
2026-07-31,VAML,45,False,Acquisition,Acquisition announced; details in filing.,STANDARD,LOW,False,,NSE_VAML_30-Jul-2026_144621,https://nsearchives.nseindia.com/corporate/VAML_30072026144613_4VAMLSEIntimationOutcomeofBMJuly302026Serenticasigned.pdf,-1.0,UNKNOWN,,,,,False,,,,,
2026-09-23,CPPLUS,45,False,Fundraise,,SB,LOW,False,,BSE_08020918-a722-4f3e-bae0-daf0be575136,b0d0a361-75e9-420f-bfab-7f99a6c44ca2.pdf,-1.0,UNKNOWN,,"Outcome of QIP Committee meeting dated September 22, 2026",Capital Goods,SMALL,False,,,,FUNDRAISE,BSE
2026-09-23,BHARATFORG,45,False,Fundraise,,STANDARD,LOW,False,,NSE_BHARATFORG_22-Sep-2026_225658,https://nsearchives.nseindia.com/corporate/ANILSHINDE_22092026225538_SEIntimation-Closure_of_Issue-sd.pdf,-1.0,UNKNOWN,,QIP - closure of Issue,Automobile and Auto Components,MID,False,,,,FUNDRAISE,NSE
2026-08-27,TIMETECHNO,45,False,Acquisition,Acquisition announced; details in filing,SB,LOW,False,,NSE_TIMETECHNO_26-Aug-2026_215932,https://nsearchives.nseindia.com/corporate/TIMETECHNO_26082026215917_TTLOutcome26082026.pdf,-1.0,UNKNOWN,,,,,False,,,,,
2026-07-29,UPL,45,False,Acquisition,Acquisition announced; details in filing.,SB,LOW,False,,NSE_UPL_28-Jul-2026_122429,https://nsearchives.nseindia.com/corporate/UPL_28072026122407_Acquisition_Intimation.pdf,-1.0,UNKNOWN,,,,,False,,,,,
2026-08-28,ASTERDM,45,False,Acquisition,Acquisition announced; details in filing,STANDARD,LOW,False,,NSE_ASTERDM_28-Aug-2026_182516,https://nsearchives.nseindia.com/corporate/ASTERDM2_28082026182308_SEIntCIHL28082026-s.pdf,-1.0,UNKNOWN,,,,,False,,,,,
2026-08-28,NESTLEIND,45,False,Acquisition,Acquisition announced; details in filing,SB,LOW,False,,NSE_NESTLEIND_27-Aug-2026_230402,https://nsearchives.nseindia.com/corporate/NESTLEIND1_27082026230335_NILDisclosuretotheSTXsigned.pdf,-1.0,UNKNOWN,,,,,False,,,,,
2026-07-30,ADFFOODS,45,False,Acquisition,Acquisition announced; details in filing.,SB,LOW,False,,NSE_ADFFOODS_29-Jul-2026_204759,https://nsearchives.nseindia.com/corporate/ADFFOODS1_29072026204718_ADFStepDownSubsidiary29072026.pdf,-1.0,UNKNOWN,,,,,False,,,,,
2026-06-02,EMAMILTD,45,False,Acquisition,Acquisition announced; details in filing,SB,LOW,False,,NSE_EMAMILTD_01-Jun-2026_194237,https://nsearchives.nseindia.com/corporate/EMAMILTD2_01062026194152_Intimation_Update_on_IncNut_signed.pdf,-1.0,UNKNOWN,,,,,False,,,,,
2026-06-15,EMAMILTD,45,False,Acquisition,Acquisition announced; details in filing,SB,LOW,False,,NSE_EMAMILTD_12-Jun-2026_123933,https://nsearchives.nseindia.com/corporate/EMAMILTD2_12062026123541_Update_on_IncNut_Acquistion_120626.pdf,-1.0,UNKNOWN,,,,,False,,,,,
2026-09-24,WAAREEENER,45,False,Acquisition,Waaree Energies approved draft scheme of amalgamation of Indosolar Limited.,SB,LOW,False,,NSE_WAAREEENER_23-Sep-2026_201515,https://nsearchives.nseindia.com/corporate/WAAREE_23092026201432_OutcomeofWEL_signed1.pdf,-1.0,UNKNOWN,,"Scheme of Amalgamation of Indosolar Limited with Waaree Energies Limited and their respective shareholders pursuant to Sections 230 to 232 of the Companies Act, 2013.",Capital Goods,MID,True,,,,MERGER,NSE
2026-07-14,KIRLOSIND,45,False,Regulatory,Company announces record date for upcoming corporate action.,STANDARD,HIGH,False,,NSE_KIRLOSIND_13-Jul-2026_182006,https://nsearchives.nseindia.com/corporate/KIRLOSIND_13072026181925_Intimation.pdf,-1.0,UNKNOWN,,,,,False,,,,,
2026-08-24,TIINDIA,45,False,Acquisition,Acquisition announced; details in filing.,SB,LOW,False,,NSE_TIINDIA_21-Aug-2026_085608,https://nsearchives.nseindia.com/corporate/TIINDIA_21082026085600_TIINSEBSESGL.pdf,-1.0,UNKNOWN,,,,,False,,,,,
2026-05-14,IKS,45,False,Acquisition,Company announces acquisition.,SB,MID,False,,NSE_IKS_13-May-2026_195702,https://nsearchives.nseindia.com/corporate/IKSSHEETAL_13052026195625_04_Aqusitionsigned.pdf,-1.0,UNKNOWN,,,,,False,,,,,
2026-08-18,AMBER,45,False,Acquisition,Acquisition announced; details in filing.,STANDARD,LOW,False,,NSE_AMBER_17-Aug-2026_184643,https://nsearchives.nseindia.com/corporate/AMBER_17082026184626_SEIntimationBonusIssueofIL_JINAmber.pdf,-1.0,UNKNOWN,,,,,False,,,,,
2026-08-11,GODREJPROP,45,False,Acquisition,Merger announced; details in filing.,STANDARD,LOW,False,,NSE_GODREJPROP_10-Aug-2026_184756,https://nsearchives.nseindia.com/corporate/GODREJPROP_10082026184729_SEIntimationMerger10082026.pdf,-1.0,UNKNOWN,,,,,False,,,,,
2026-09-18,SOLARINDS,43,False,Concall,"Solar Industries is acquiring Omnia Holdings for $1.35 billion via debt and internal accruals, boosting African mining scale.",HC,LOW,False,,BSE_b149f62a-1db8-4275-ac2c-35e5684de18f,7864f3b8-4c92-4674-bafd-f74348ea11e4.pdf,-1.0,UNKNOWN,,Transcription of Conference Call with reference to the proposed acquisition of Omnia Holdings Limited by Solar SA Investments Proprietary Limited.,Chemicals,LARGE,True,not_discussed,confident,0.0,CONCALL,BSE
2026-09-21,KMEW,43,False,Order Win,Knowledge Marine secured a ₹279.33 crore Green Tug contract from Mumbai Port Authority.,SB,MID,False,,BSE_633bdac2-bdc8-43e5-862e-d3ab560f912f,445679dc-f5a5-49bf-a8a4-4e4912a69994.pdf,3.82,MODERATE,PDF,We are please to inform you that KMEW has received a work order from Mumbai Port Authority for chartering of 60 Ton Bollard Pull Capacity New Battery operated Electric Green Tug along with ....,Services,MICRO,True,,,,ORDER,BSE
2026-08-18,FCL,43,False,Regulatory,Record date announced; details in filing.,HC,MID,False,,NSE_FCL_17-Aug-2026_182331,https://nsearchives.nseindia.com/corporate/FCL_17082026182220_FCLBMOutcome17082026.pdf,-1.0,UNKNOWN,,,,,False,,,,,
2026-07-16,USHAMART,43,False,Regulatory,Company announces a Record Date; details in filing.,HC,MID,False,,NSE_USHAMART_15-Jul-2026_174741,https://nsearchives.nseindia.com/corporate/USHAMART_15072026174612_Intimation15072026.pdf,-1.0,UNKNOWN,,,,,False,,,,,
2026-04-17,RSYSTEMS,43,False,Acquisition,Amalgamation/Merger announced. No financial details provided.,HC,LOW,False,,NSE_RSYSTEMS_16-Apr-2026_194021,https://nsearchives.nseindia.com/corporate/RSYSTEMS_16042026193948_Intimation_to_to_stock_exchanges.pdf,-1.0,UNKNOWN,,,,,False,,,,,
2026-09-08,PGIL,43,False,Regulatory,Company announced a record date for an undisclosed corporate action.,HC,MID,False,,NSE_PGIL_07-Sep-2026_182736,https://nsearchives.nseindia.com/corporate/PGIL_07092026182622_Record_Date_Intimation.pdf,-1.0,UNKNOWN,,Record Date,Textiles,MID,False,,,,,
2026-09-21,HINDALCO,43,False,Regulatory,Niche Ninety Nine assigned an unrequested ESG rating of 67 to Hindalco.,HC,MID,False,,NSE_HINDALCO_18-Sep-2026_144624,https://nsearchives.nseindia.com/corporate/HINDALCOIND_18092026144531_Reg30_ESG_Rating_signed.pdf,-1.0,UNKNOWN,,ESG Rating,Metals & Mining,LARGE,True,,,,RATING,NSE
2026-09-21,HTEL,41,False,Results,Hy-Tech Engineers reports Q1FY27 revenue of Rs 430 Mn (up 13% YoY) and PAT of Rs 46 Mn.,STANDARD,UNKNOWN,False,,NSE_HTEL_21-Sep-2026_091730,https://nsearchives.nseindia.com/corporate/HYTECH_21092026091648_Q1_Press_Release_Investor_Presentation.pdf,5.91,SIGNIFICANT,PDF,"a press release dated September 21, 2026, titled ""Press Release for the Unaudited Financial Results for the Quarter ended June 30, 2026."".",Capital Goods,MICRO,True,,,,RESULTS,NSE
2026-09-24,KPIL,41,False,Order Win,"KPIL secures new orders worth Rs 2,025 crores across T&D, B&F, and Oil & Gas.",SB,MID,False,,NSE_KPIL_24-Sep-2026_084846,https://nsearchives.nseindia.com/corporate/KALPATPOWR_24092026084832_SEIntimationPR24092026.pdf,8.2,SIGNIFICANT,PDF,Bagging/Receiving of orders/contracts,Construction,SMALL,True,,,,ORDER,NSE
2026-09-22,EMIL,40,False,Capex,Commenced commercial operations of a new multi-brand store,STANDARD,HIGH,False,,BSE_edc00fe4-36f3-4040-9b2c-d7a909f71440,c6ffd8e5-f9aa-4452-b2b4-e4874d6191a2.pdf,-1.0,UNKNOWN,,"Pursuant to Reg 30(4) of the SEBI (LODR) Regulations, 2015, this is to inform you that Electronics Mart India Limited has commenced the commercial operations of a multi-brand store in the ....",Consumer Services,MICRO,False,,,,CAPEX,BSE
2026-09-23,HINDCOPPER,40,False,Debt,"ICRA upgraded Hindustan Copper's long-term credit rating to [ICRA]AAA (Stable) for Rs. 2,100 Cr facilities.",SB,LOW,False,,BSE_1a84a2bd-b7a2-440a-90b6-528b621ce310,fbd05892-d0a4-46c9-9698-5ca117a13303.pdf,4.37,MODERATE,PDF,Credit Rating received by Hindustan Copper Limited from ICRA Limited is submitted.,Metals & Mining,SMALL,True,,,,RATING,BSE
2026-09-02,ITCHOTELS,40,False,Acquisition,"ITC Hotels acquired 100% GHK Hospitality for ₹155 Cr, expanding Ahmedabad portfolio.",SB,LOW,False,,NSE_ITCHOTELS_01-Sep-2026_192640,https://nsearchives.nseindia.com/corporate/ITCHOTELS12_01092026192539_Acquisition_01_09_2026.pdf,0.46,IMMATERIAL,PDF,Acquisition,Consumer,MID,True,,,,,
2026-09-22,NATCOPHARM,40,False,Fundraise,,SB,LOW,False,,BSE_d7d630bc-7dcb-474b-971f-6cfc3906c352,8b228f7d-fe00-4e4c-a427-5ea6e9e8bfd2.pdf,-1.0,UNKNOWN,,Receipt of In-principal approval for Rights Issue of Equity Shares,Healthcare,SMALL,False,,,,FUNDRAISE,BSE
2026-09-16,TI,40,False,Acquisition,Tilaknagar Industries completes first tranche investment of Rs 6.0 Cr in Black Tiger Distilleries.,SB,MID,False,,BSE_9ae5766e-8c93-4c5b-bfce-9a8bb03f93d9,3ee71bad-f1ff-4f32-a0c5-d2308756a3f0.pdf,0.05,IMMATERIAL,PDF,Intimation under regulation 30 of SEBI LODR with regard to completion of first tranche of investment in Black Tiger Distilleries Private Limited,Fast Moving Consumer Goods,MICRO,True,,,,ACQUISITION,BSE
2026-08-31,ITC,40,False,Acquisition,"ITC Infotech acquires 22.1% stake in Happiest Minds Technologies for ₹1330 Cr, then amalgamation.",STANDARD,LOW,False,,NSE_ITC_31-Aug-2026_191645,https://nsearchives.nseindia.com/corporate/ITC_31082026191614_SE.pdf,0.4,IMMATERIAL,PDF,Acquisition,FMCG,LARGE,True,,,,,
2026-05-26,EFCIL,40,False,Fundraise,,SB,LOW,False,,NSE_EFCIL_25-May-2026_184758,https://nsearchives.nseindia.com/corporate/EFCILTD_25052026184743_Board_Outcome_-_Allotment_of_Shares.pdf,-1.0,UNKNOWN,,,,,False,,,,,
2026-09-14,CEIGALL,40,False,Acquisition,Acquisition of 100% of Jam Khambhaliya Jamnagar Power Transmission Ltd for ₹0.05 Cr.,SB,LOW,False,,NSE_CEIGALL_11-Sep-2026_163922,https://nsearchives.nseindia.com/corporate/ceigall_11092026163910_Outcome_of_BM.pdf,0.0,IMMATERIAL,PDF,Acquisition,Infrastructure,SMALL,True,,,,,
2026-09-10,PRESTIGE,40,False,Acquisition,Prestige Estates Projects incorporates two wholly-owned real estate subsidiaries for ₹0.02 Cr.,SB,MID,False,,NSE_PRESTIGE_10-Sep-2026_102552,https://nsearchives.nseindia.com/corporate/PRESTIGE_10092026102434_Intimation.pdf,0.0,IMMATERIAL,PDF,Acquisition,Infrastructure,LARGE,True,,,,,
2026-09-18,ACMESOLAR,40,False,Capex,Update on commissioning of Battery Energy Storage System (BESS) project,STANDARD,HIGH,False,,BSE_0ed40be5-ecd0-4dfe-ab71-f87c621b03d6,3f4e15b8-cf74-4f84-b983-1525533f0039.pdf,-1.0,UNKNOWN,,Update on commissioning of Battery Energy Storage System (BESS) project,Power,SMALL,False,,,,CAPEX,BSE
2026-09-10,MUTHOOTFIN,40,False,Acquisition,"Muthoot Finance infused ₹31.80 Cr into subsidiary Asia Asset Finance PLC, subscribing 32,930,464 shares.",SB,LOW,False,,NSE_MUTHOOTFIN_09-Sep-2026_180930,https://nsearchives.nseindia.com/corporate/MUTHOOTFIN_09092026180915_MFIN_Reg_30_AAF_Right_issue_SD.pdf,0.03,IMMATERIAL,PDF,Acquisition,NBFC,LARGE,True,,,,,
2026-05-28,RELTD,40,False,Fundraise,,STANDARD,LOW,False,,NSE_RELTD_27-May-2026_220350,https://nsearchives.nseindia.com/corporate/RAVINDRA_27052026220212_1.pdf,-1.0,UNKNOWN,,,,,False,,,,,
2026-09-16,NBCC,40,False,Order Win,,SB,LOW,False,,BSE_fe9944b7-06d6-4e60-b86a-03360364a4ce,425fa740-1241-4117-b2a2-02a311e6ceee.pdf,0.66,IMMATERIAL,HEADLINE-ONLY,Intimation Of Work Orders Received By NBCC (India) Limited In The Ordinary Course Of Business Amounting To Rs. 144.98 Cr. Approx.,Construction,SMALL,False,,,,ORDER,BSE
2026-09-16,COFORGE,40,False,Concall,"Coforge filed a transcript link for its September 14, 2026 analyst conference call with no specific guidance or operational metrics provided in the filing.",SB,HIGH,False,,BSE_72bb4a63-6775-4d06-b521-73c90fb48050,d8b793a5-cb70-4253-b637-8c4339431e80.pdf,-1.0,UNKNOWN,,Transcript of Conference Call with Analysts/ Investors,Information Technology,MID,True,not_discussed,neutral,0.0,CONCALL,BSE
2026-09-16,BHEL,40,False,Acquisition,BHEL signed a 50:50 JV agreement with Titagarh Rail Systems for Vande Bharat trainsets maintenance.,STANDARD,MID,False,,BSE_e3d25fb4-6481-44bc-b987-5e30131578f7,9e27b960-b5cf-4dc0-b02e-50dbb6611a5e.pdf,0.0,IMMATERIAL,PDF,Signing of Joint Venture Agreement with Titagarh Rail Systems Limited,Capital Goods,MID,True,,,,ACQUISITION,BSE
2026-05-04,EFCIL,40,False,Fundraise,,SB,LOW,False,,NSE_EFCIL_01-May-2026_122150,https://nsearchives.nseindia.com/corporate/EFCILTD_01052026122129_Outcome_of_Board_Meeting_-_Final_Signed.pdf,-1.0,UNKNOWN,,,,,False,,,,,
2026-09-15,BHEL,40,False,Acquisition,"BHEL approved Rs 65 Crore equity investment in its JV, NTPC BHEL Power Projects (NBPPL).",STANDARD,MID,False,,BSE_862c6560-e916-4b2e-99d0-04ee8a192546,32f8e0b7-be1a-4180-8df5-518ac569c129.pdf,0.04,IMMATERIAL,PDF,Outcome of Board Meeting - Equity Investment in Joint Venture,Capital Goods,MID,True,,,,ACQUISITION,BSE
2026-05-17,RELTD,40,False,Fundraise,,STANDARD,LOW,False,,NSE_RELTD_16-May-2026_122932,https://nsearchives.nseindia.com/corporate/RAVINDRA_16052026122909_0000.pdf,-1.0,UNKNOWN,,,,,False,,,,,
2026-09-25,ACUTAAS,40,False,Acquisition,Acutaas Chemicals acquires 100% share capital of step-down subsidiary Enchem Ami Organics for Rs 0.01 Cr.,SB,MID,False,,NSE_ACUTAAS_24-Sep-2026_195325,https://nsearchives.nseindia.com/corporate/AMIORG_24092026195234_EnchemAcquisitionIntimationSWSigned.pdf,0.0,IMMATERIAL,PDF,Acquisition,Healthcare,SMALL,True,,,,ACQUISITION,NSE
2026-09-03,INDIACEM,40,False,Acquisition,India Cements to acquire 26% stake in Amplus TN One Energy for Rs 14.06 Cr,STANDARD,LOW,False,,NSE_INDIACEM_02-Sep-2026_174316,https://nsearchives.nseindia.com/corporate/INDIACEM_02092026174259_SEsltr02092026Reg30Acquisitionsd.pdf,0.08,IMMATERIAL,PDF,Acquisition,Others,MID,True,,,,,
2026-09-24,AETHER,40,False,Debt,Crisil Ratings assigned Aether Industries a long-term credit rating of Crisil AA-/Stable for Rs. 636 cr. facilities.,SB,LOW,False,,NSE_AETHER_24-Sep-2026_114220,https://nsearchives.nseindia.com/corporate/AETHER_24092026114049_35.pdf,2.94,MODERATE,PDF,Credit Rating,Chemicals,MICRO,True,,,,RATING,NSE
2026-09-17,RBA,40,False,Acquisition,RBA acquires 26% in Navitas Anant Renewables (Rs 1.1 Cr) and invests up to IDR 100B in PT Sari Burger Indonesia.,STANDARD,MID,False,,NSE_RBA_16-Sep-2026_134334,https://nsearchives.nseindia.com/corporate/RBA_16092026134308_Finalupload.pdf,0.0,IMMATERIAL,PDF,Acquisition,Consumer Services,MICRO,True,,,,ACQUISITION,NSE
2026-09-16,RBA,40,False,Acquisition,"Restaurant Brands Asia subscribed to 100,000 preference shares of PT Sari Burger Indonesia for IDR 100 billion.",STANDARD,MID,False,,BSE_ba3a16ff-15bf-4a18-963f-d7dbd77652b0,44fcc9b5-2d42-47b4-8a9d-471be939de5f.pdf,0.76,IMMATERIAL,PDF,Restaurant Brands Asia Limited has completed the subscription of redeemable cumulative non-convertible preference shares of PT Sari Burger Indonesia,Consumer Services,MICRO,True,,,,ACQUISITION,BSE
2026-09-23,MANORAMA,40,False,Acquisition,Manorama Industries approved up to ₹30 crore capital infusion across three African subsidiaries.,SB,LOW,False,,BSE_887fe0a4-db6f-4283-b17a-6058dc90efaa,4758f7df-11b1-4969-88ba-7662cc30b404.pdf,0.24,IMMATERIAL,PDF,"Outcome of the Board meeting of the company held on Tuesday, September 22, 2026.",Fast Moving Consumer Goods,MICRO,True,,,,BOARD,BSE
